Date,Close,High,Low,Open,Volume,Ticker,MA50,MA200
2022-10-04,143.82958984375,143.9477202186119,142.01817230643195,142.77621059568105,87830100,AAPL,,
2022-10-05,144.1249237060547,145.0897052260287,140.7876052377075,141.83114535247526,79471000,AAPL,,
2022-10-06,143.17002868652344,145.24724014995303,142.96330047252644,143.54412834074384,68402200,AAPL,,
2022-10-07,137.9129638671875,140.87619735207727,137.28291022305208,140.32488726950297,85925600,AAPL,,
2022-10-10,138.23785400390625,139.68501122355408,136.41661224606074,138.23785400390625,74899000,AAPL,,
2022-10-11,136.8202362060547,139.15341644364526,136.0720520706598,137.72593753469053,77033700,AAPL,,
2022-10-12,136.190185546875,138.1787988471096,136.0129899667056,136.96791731761857,70433700,AAPL,,
2022-10-13,140.76792907714844,141.35859601492572,132.28187436958524,132.89224973345455,113224000,AAPL,,
2022-10-14,136.2295684814453,142.27415178693437,136.04251869325435,142.06740859428484,88598000,AAPL,,
2022-10-17,140.19692993164062,140.67930564113678,138.09018646721276,138.87775734642221,85250900,AAPL,,
2022-10-18,141.51611328125,144.42026703642762,138.4249097380949,143.22907894720203,99136600,AAPL,,
2022-10-19,141.62440490722656,142.69746261645687,139.30107889163025,139.488128680181,61758300,AAPL,,
2022-10-20,141.16171264648438,143.62286253921314,140.4332068704366,140.7974672692939,64522000,AAPL,,
2022-10-21,144.98141479492188,145.5524033439164,140.43319980718348,140.6497821885837,86548600,AAPL,,
2022-10-24,147.12753295898438,147.89541049964913,143.73114921809554,144.90265893368223,75981900,AAPL,,
2022-10-25,149.97259521484375,150.12027319083927,147.0389093560302,147.75756076988446,74732300,AAPL,,
2022-10-26,147.02908325195312,149.62805663114864,145.73942824213276,148.61406419672124,88194300,AAPL,,
2022-10-27,142.54981994628906,146.73377520874286,141.8902335075142,145.76900855429128,109180200,AAPL,,
2022-10-28,153.31979370117188,155.05243775655637,145.52287291944214,145.89695747516933,164762400,AAPL,,
2022-10-31,150.9570770263672,151.84309994681692,149.55914577499016,150.77988145527678,97943200,AAPL,,
2022-11-01,148.3088836669922,153.03429437423398,146.8125153766711,152.6700490040681,80379300,AAPL,,
2022-11-02,142.77622985839844,149.80527352264477,142.74669726069857,146.63531118174276,93604600,AAPL,,
2022-11-03,136.7218017578125,140.58088293366475,136.59381715822644,139.85237716768756,97918500,AAPL,,
2022-11-04,136.45553588867188,140.68586767189302,132.51116441667403,140.11393200286335,140814800,AAPL,,
2022-11-07,136.98802185058594,137.21481900121177,133.7832199726521,135.2031961352515,83374600,AAPL,,
2022-11-08,137.55995178222656,139.46310374939873,135.5779105819191,138.4572998817349,89908500,AAPL,,
2022-11-09,132.9943389892578,136.623168532168,132.71823419264956,136.57386087993447,74917800,AAPL,,
2022-11-10,144.8274688720703,144.8274688720703,137.5599685390709,139.27577571396307,118854000,AAPL,,
2022-11-11,147.6180877685547,147.92377412623946,142.36221138817493,143.7920579720531,93979700,AAPL,,
2022-11-14,146.21788024902344,148.19006640295856,145.3796951149665,146.89828687958484,73374100,AAPL,,
2022-11-15,147.95338439941406,151.45401749484597,146.49397099909157,150.10307492440734,89868300,AAPL,,
2022-11-16,146.72076416015625,147.7857463571914,145.24162472759372,147.05604720027458,64218300,AAPL,,
2022-11-17,148.62391662597656,149.3733417806034,144.1174650466656,144.3935698429272,80389400,AAPL,,
2022-11-18,149.18600463867188,150.5763993918672,147.88436969164823,150.19182372040734,74829600,AAPL,,
2022-11-21,145.9516143798828,148.27879437989566,145.66565404043791,148.07172328326632,58724100,AAPL,,
2022-11-22,148.0914306640625,148.32809838668408,144.8866286056601,146.06995217218372,51804100,AAPL,,
2022-11-23,148.96905517578125,149.718480330565,147.26310369909984,147.37157451526696,58301400,AAPL,,
2022-11-25,146.0502471923828,146.80954307968733,145.07400962299127,146.24746279975653,35195900,AAPL,,
2022-11-28,142.21434020996094,144.6006835742159,141.3860256630134,143.12154400613,69246000,AAPL,,
2022-11-29,139.20675659179688,142.79613475713955,138.39816810033238,142.2833621487803,83763800,AAPL,,
2022-11-30,145.9713592529297,146.6517658940868,138.59538713539368,139.4335572359168,111380900,AAPL,,
2022-12-01,146.24745178222656,147.05605527210508,144.5710966759583,146.1488515092609,71250400,AAPL,,
2022-12-02,145.75440979003906,145.94176987503505,143.62444521311474,143.93014669455255,65447400,AAPL,,
2022-12-05,144.59080505371094,148.82113692482218,143.74276456774905,145.71495034472244,68826400,AAPL,,
2022-12-06,140.92254638671875,145.25149381357704,139.94630895435972,145.02469664926164,64727200,AAPL,,
2022-12-07,138.9799346923828,141.37613319907325,138.05300496587287,140.21255080814953,69721100,AAPL,,
2022-12-08,140.6661376953125,141.52404869832506,139.13770582962303,140.38017739203008,62128300,AAPL,,
2022-12-09,140.1829833984375,143.54556411340621,138.94049659830839,140.3604729146931,76097000,AAPL,,
2022-12-12,142.48057556152344,142.4904310742392,139.09826892356506,140.71546075742316,70462700,AAPL,,
2022-12-13,143.44692993164062,147.88434781351052,142.23403992363941,147.42088296434414,93886200,AAPL,143.2079721069336,
2022-12-14,141.21836853027344,144.62038597056736,139.19687510886934,143.3286067000526,82291200,AAPL,143.15574768066406,
2022-12-15,134.60169982910156,139.8279959453362,134.13823489702543,139.14758934094417,98931900,AAPL,142.965283203125,
2022-12-16,132.6393585205078,135.7356898104224,131.8702072160859,134.78904899571134,160156900,AAPL,142.75466979980467,
2022-12-19,130.52911376953125,133.31975851229708,129.49372825060226,133.23101376151752,79592600,AAPL,142.60699279785158,
2022-12-20,130.46011352539062,131.39689891358117,128.08362566369047,129.56276523870264,77432800,AAPL,142.45143798828124,
2022-12-21,133.56626892089844,134.90735575255198,130.90382132695478,131.13061846159687,85928000,AAPL,142.38635864257813,
2022-12-22,130.39108276367188,132.68868142818795,128.48793035610765,132.48161030905115,77852100,AAPL,142.27037658691407,
2022-12-23,130.0261993408203,130.57840891041715,127.83707208521685,129.09926968617603,63814900,AAPL,142.0555419921875,
2022-12-27,128.22164916992188,129.58246208692498,126.9298699732108,129.55288050582337,69007800,AAPL,141.89538360595702,
2022-12-28,124.28716278076172,129.2077647504938,124.11952877613886,127.8666776669259,85438400,AAPL,141.57718826293944,
2022-12-29,127.8074722290039,128.66536804148515,125.95362070809257,126.20999938686462,75703700,AAPL,141.30301544189453,
2022-12-30,128.123046875,128.14277294659772,125.657822079017,126.62419645842127,77034200,AAPL,141.03298828125,
2023-01-03,123.33063507080078,129.07955079083166,122.44314998227297,128.46817802573926,112117500,AAPL,140.67636672973632,
2023-01-04,124.60270690917969,126.87072372434358,123.34050912530462,125.1253349737568,89113600,AAPL,140.26879257202148,
2023-01-05,123.28134155273438,125.99309725880703,123.02496279365805,125.36199835089351,80962700,AAPL,139.7918687438965,
2023-01-06,127.81737518310547,128.47805571510713,123.15315931135854,124.25758622586783,87754700,AAPL,139.3487643432617,
2023-01-09,128.34002685546875,131.55470038977697,128.08364803445906,128.65558390894697,70790800,AAPL,138.97498321533203,
2023-01-10,128.91192626953125,129.43455432577363,126.33822308555574,128.44846138243565,63896200,AAPL,138.70222534179686,
2023-01-11,131.63356018066406,131.65327120715185,128.64569958998982,129.42470644063985,69458900,AAPL,138.26850067138673,
2023-01-12,131.55470275878906,132.39287298483077,129.61209787227367,132.01816778531338,71379600,AAPL,137.88045318603517,
2023-01-13,132.88589477539062,133.0436732754904,129.82901533053348,130.19386494625152,57809700,AAPL,137.57199340820313,
2023-01-17,134.04945373535156,135.38066994863155,132.26462822678656,132.95489015736672,63646600,AAPL,137.3974578857422,
2023-01-18,133.32962036132812,136.68233001992917,133.15211582478094,134.91723044564642,69672800,AAPL,137.3296142578125,
2023-01-19,133.38880920410156,134.3551761664197,131.90966964997585,132.21535608370812,58280400,AAPL,137.2682797241211,
2023-01-20,135.95263671875,136.10055969629155,132.3534032973474,133.3986594670003,80223600,AAPL,137.2475720214844,
2023-01-23,139.14756774902344,141.32683964763805,135.9822029643826,136.19914460303502,81760300,AAPL,137.27932434082032,
2023-01-24,140.54783630371094,141.1690797184196,138.34885309206118,138.35870860544603,66435100,AAPL,137.43039428710938,
2023-01-25,139.8871612548828,140.44922647148869,136.87957443059517,138.93064978868992,65799300,AAPL,137.33158813476564,
2023-01-26,141.9579315185547,142.24389182095663,139.9265676340099,141.17890975078,54105100,AAPL,137.21838500976563,
2023-01-27,143.90057373046875,145.1824979022525,141.09021713301516,141.1691063947575,70555800,AAPL,137.17203887939453,
2023-01-30,141.0113067626953,143.52584706043817,140.863398823187,142.9440557695909,64015300,AAPL,137.03319732666014,
2023-01-31,142.28335571289062,142.3326633733732,140.30131415280843,140.71547141700836,65874500,AAPL,136.94444915771484,
2023-02-01,143.4075164794922,144.571114195543,139.3546881653997,141.967828937729,77663600,AAPL,136.84012115478515,
2023-02-02,148.72251892089844,149.0774978736836,146.10936405021556,146.82920755988812,118339000,AAPL,136.83085144042968,
2023-02-03,152.35134887695312,155.1913011660709,145.77411121969988,145.97132678498124,154357300,AAPL,136.9588461303711,
2023-02-06,149.61985778808594,150.97081516891853,148.68307262827912,150.44818718355526,69858300,AAPL,136.98941467285155,
2023-02-07,152.49923706054688,153.07117265848015,148.54501056818253,148.54501056818253,83322600,AAPL,137.06001831054687,
2023-02-08,149.8072509765625,152.4302620416696,149.06768120571854,151.73999993153234,64120100,AAPL,137.13515838623047,
2023-02-09,148.7718505859375,152.1837390894266,148.32811173185976,151.64138491373802,56007100,AAPL,137.26630859375,
2023-02-10,149.13723754882812,149.46314684794623,147.36944294161282,147.60647199630503,57450700,AAPL,137.46491821289064,
2023-02-13,151.94203186035156,152.34693578344766,149.04836048379,149.07798723256394,62199000,AAPL,137.58433166503906,
2023-02-14,151.30007934570312,151.86301769491905,148.9891025921519,150.233471212628,61707600,AAPL,137.6853842163086,
2023-02-15,153.4036865234375,153.57157647071767,150.98407305919312,151.21121650909475,65573800,AAPL,137.83836975097657,
2023-02-16,151.80377197265625,154.39127521881363,151.44823591009165,151.60624021713144,68167900,AAPL,137.98262908935547,
2023-02-17,150.65814208984375,151.1025583652421,148.97922778858558,150.46062541961737,59144100,AAPL,138.17734100341798,
2023-02-21,146.6386260986328,149.4236611977066,146.56950203742764,148.33729678255915,58867200,AAPL,138.33051483154296,
2023-02-22,147.06332397460938,148.09041997762213,145.33502627380787,147.02381158820887,51011300,AAPL,138.4584585571289,
2023-02-23,147.5472412109375,148.47558640924544,145.41403945071286,148.2286867318044,48394200,AAPL,138.6057437133789,
2023-02-24,144.89059448242188,145.3646375819345,143.91286646196608,145.2856278870893,55469600,AAPL,138.6539440917969,
2023-02-27,146.0855712890625,147.32006943922315,145.6213987790375,145.8781840387877,44998500,AAPL,138.70671691894532,
2023-02-28,145.58187866210938,147.23116612400116,145.00906980182367,145.22634264777875,50547000,AAPL,138.79398712158203,
2023-03-01,143.50794982910156,145.40413732845008,143.2116672358624,145.0091039171703,55479000,AAPL,138.97211212158203,
2023-03-02,144.10049438476562,144.89057616376812,142.1154118429578,142.5894699520932,52238100,AAPL,139.20133483886718,
2023-03-03,149.15701293945312,149.236022634522,145.50290119247913,146.20408774818284,70732300,AAPL,139.57389282226563,
2023-03-06,151.92230224609375,154.3616721188966,151.55689556759242,151.8827898611123,87558000,AAPL,140.0031365966797,
2023-03-07,149.7199249267578,152.11978182875635,149.25575246867027,151.79387254523385,56182000,AAPL,140.32620971679688,
2023-03-08,150.97421264648438,151.5667779107922,149.9471166005195,150.9149591339657,47204800,AAPL,140.7378723144531,
2023-03-09,148.72244262695312,152.6234533766544,148.3669065925505,151.65561114338573,53833600,AAPL,141.11179718017578,
2023-03-10,146.65838623046875,149.06812912915592,145.77942411442874,148.3471863994858,68572400,AAPL,141.48053192138673,
2023-03-13,148.6039581298828,151.2408445051467,145.86830586973156,145.97694231528436,84457100,AAPL,141.96686782836915,
2023-03-14,150.69766235351562,151.49761478500946,148.23855155589501,149.4039106364519,73695900,AAPL,142.42467163085936,
2023-03-15,151.09271240234375,151.34948260848185,148.06077752387876,149.31503194180715,77167900,AAPL,142.88406494140625,
2023-03-16,153.91722106933594,154.5196567133458,149.75942505583248,150.27298045799404,76161100,AAPL,143.49579666137694,
2023-03-17,153.07778930664062,154.79621636647911,152.36671707978053,154.1443976469308,98944600,AAPL,144.06529830932618,
2023-03-20,155.44801330566406,155.86281797805782,152.23831786199295,153.14692183341302,73641400,AAPL,144.70863174438477,
2023-03-21,157.30467224121094,157.4231792271752,154.59864719510006,155.3689878125348,73938300,AAPL,145.29837768554688,
2023-03-22,155.8726806640625,160.12922799549253,155.85292447362312,157.32445173541882,75701800,AAPL,145.84903076171875,
2023-03-23,156.9590301513672,159.54654859691777,155.72453196517867,156.86027933820688,67622100,AAPL,146.40997283935548,
2023-03-24,158.26268005371094,158.35156031348998,155.89244937558198,156.88991856429575,59196500,AAPL,146.94255523681642,
2023-03-27,156.31710815429688,158.77623413977568,155.91218910395636,157.9565254779494,52390300,AAPL,147.43780334472658,
2023-03-28,155.69493103027344,156.52452540181238,154.0456429884017,156.01096985172836,45992200,AAPL,147.89398406982423,
2023-03-29,158.77621459960938,159.0527409732352,157.37382654206215,157.39356766192319,51305700,AAPL,148.38851928710938,
2023-03-30,160.3464813232422,160.45511775307082,159.27000265374878,159.52677281990913,49501700,AAPL,148.92885650634764,
2023-03-31,162.85499572753906,162.95376161088404,159.90208569195596,160.42551172065657,68749800,AAPL,149.51818023681642,
2023-04-03,164.10926818847656,164.22777520589742,162.18345380758916,162.23283675470108,56976200,AAPL,150.08131286621094,
2023-04-04,163.575927734375,164.77091335884026,163.06237234715022,164.53389938747162,46278300,AAPL,150.56988006591797,
2023-04-05,161.7291717529297,163.0031826256872,159.79348657153227,162.69702941318997,51511700,AAPL,150.99350677490236,
2023-04-06,162.6179656982422,162.9142482495303,159.99095018347427,160.41561028699388,45390100,AAPL,151.44812286376953,
2023-04-10,160.02061462402344,160.02061462402344,158.0948001913657,159.4181788200064,47716900,AAPL,151.80937652587892,
2023-04-11,158.8058624267578,160.34651387560373,158.5194503856298,160.33664331436313,47644200,AAPL,152.1074822998047,
2023-04-12,158.1145477294922,160.05023261805474,157.7985089324277,159.22065338009935,50133100,AAPL,152.44954711914062,
2023-04-13,163.50680541992188,163.7438344852104,159.41814822842684,159.625550544249,68445600,AAPL,152.87401611328124,
2023-04-14,163.16114807128906,164.25738296375815,161.78838681581487,162.54882677930067,49386500,AAPL,153.2690887451172,
2023-04-17,163.18092346191406,163.3389428652635,161.99580807591275,163.04266025137323,41516200,AAPL,153.5582568359375,
2023-04-18,164.405517578125,165.33386254581205,163.59567960391064,164.0401109685465,49923000,AAPL,153.79934020996095,
2023-04-19,165.5511474609375,166.0745734796078,163.4870550672227,163.74384033117565,47720200,AAPL,154.11796600341796,
2023-04-20,164.58328247070312,165.78815383509277,163.50680373238094,164.03022972696172,52456400,AAPL,154.3596469116211,
2023-04-21,162.97352600097656,164.38578477260316,162.45009994594136,163.00315275355902,58337300,AAPL,154.62297241210936,
2023-04-24,163.27967834472656,163.54633418620037,161.85753394961128,162.95376899838274,41949600,AAPL,154.91312896728516,
2023-04-25,161.73902893066406,164.24752277490956,161.69951654722522,163.14141715156464,48714100,AAPL,155.16516479492188,
2023-04-26,161.7291717529297,163.23032612696554,160.7810853574261,161.03785561671634,45498800,AAPL,155.36090759277343,
2023-04-27,166.32147216796875,166.4696059197472,163.14140369362494,163.14140369362494,64902300,AAPL,155.66133544921874,
2023-04-28,167.57571411132812,167.74361912541863,165.79804878354395,166.40048449959994,55275900,AAPL,155.94477600097656,
2023-05-01,167.48681640625,168.33615167039042,166.5486008988935,167.18066329991268,52472900,AAPL,156.25843688964844,
2023-05-02,166.44984436035156,168.237410301642,165.46224586153255,167.98062504743248,48425700,AAPL,156.5742709350586,
2023-05-03,165.3733673095703,168.80033534118735,165.08697037258037,167.3979472668269,65136000,AAPL,156.94896575927734,
2023-05-04,163.73397827148438,164.96847661956093,162.2723364468385,162.84514548869322,81235400,AAPL,157.28237884521485,
2023-05-05,171.41751098632812,172.13845380689077,168.64234602308835,168.85961893934999,113453200,AAPL,157.75978424072267,
2023-05-08,171.34837341308594,171.69403898381825,169.9756118311756,170.34101852570507,55962800,AAPL,158.28893981933595,
2023-05-09,169.63980102539062,171.38783954566773,169.47191108630196,170.90392591816433,45326900,AAPL,158.7600244140625,
2023-05-10,171.40760803222656,171.87178057282452,169.76819076413835,170.87431142683658,53724500,AAPL,159.27653900146484,
2023-05-11,171.59524536132812,172.42482451357537,170.03483786854437,171.6940112425966,49514700,AAPL,159.83828491210937,
2023-05-12,170.66561889648438,172.13916641173466,169.11293731632776,171.70401959715826,45533100,AAPL,160.36958740234374,
2023-05-15,170.17112731933594,171.29854623618587,169.57774258819362,171.2490949935239,37266700,AAPL,160.7898696899414,
2023-05-16,170.17112731933594,171.229311478379,169.90410268128184,170.0920083491569,42110300,AAPL,161.15484619140625,
2023-05-17,170.78428649902344,171.0216283275313,168.5393327985131,169.81510548834717,57951600,AAPL,161.57613342285157,
2023-05-18,173.11827087402344,173.30617657836305,170.6755268984154,171.0908902546592,65496700,AAPL,162.01901458740235,
2023-05-19,173.22703552246094,174.44345770293714,173.00946211256743,174.44345770293714,55809500,AAPL,162.5091064453125,
2023-05-22,172.27764892578125,172.7820305841642,171.53592539559813,172.06007548302856,43570900,AAPL,163.02149169921876,
2023-05-23,169.66677856445312,171.46670153051892,169.38986966050507,171.2194603598222,50747300,AAPL,163.44274810791015,
2023-05-24,169.94366455078125,170.51726580029353,168.6382391925545,169.20194113871563,45143500,AAPL,163.82766815185548,
2023-05-25,171.08099365234375,171.98093998050487,169.79533663873903,170.50739236656926,56058300,AAPL,164.22743377685546,
2023-05-26,173.49404907226562,173.83030849826073,171.19965909306288,171.40734829469508,54835000,AAPL,164.61897033691406,
2023-05-30,175.3434295654297,177.01478218217846,174.62148962052487,175.00718521743593,55964400,AAPL,165.06428314208983,
2023-05-31,175.2939910888672,177.37082297149757,174.80939295881248,175.3731100748192,99625300,AAPL,165.46120269775392,
2023-06-01,178.1026153564453,178.13228308457525,174.97748387661747,175.73899077622127,68901800,AAPL,165.8771615600586,
2023-06-02,178.95315551757812,179.77399801140302,177.28180279681203,179.03227450268932,61996900,AAPL,166.3387710571289,
2023-06-05,177.59825134277344,182.908986017055,176.0752375225132,180.61459616435278,121946500,AAPL,166.75155548095702,
2023-06-06,177.2323455810547,178.13229186267904,175.47197477965813,177.9839532147194,64848400,AAPL,167.1309487915039,
2023-06-07,175.8577117919922,179.2103015517758,175.36322943750844,176.4708650826228,61944600,AAPL,167.5217608642578,
2023-06-08,178.57733154296875,178.84434109966037,175.50165126625262,175.93678298136524,50214900,AAPL,167.9794088745117,
2023-06-09,178.96304321289062,180.21901740774703,178.63668307937917,179.4970774647442,48900000,AAPL,168.38314544677735,
2023-06-12,181.7617950439453,181.86069753893617,178.97292275194738,179.26961514651788,54274900,AAPL,168.81145172119142,
2023-06-13,181.28709411621094,182.11782073883157,180.4266997635254,180.78272761470595,54929100,AAPL,169.18009368896483,
2023-06-14,181.92002868652344,182.35517550952275,180.01133431975106,181.34642742806082,57462900,AAPL,169.53630889892577,
2023-06-15,183.9573211669922,184.4617028293976,181.75193407830622,181.9299555739799,65433200,AAPL,169.94393676757812,
2023-06-16,182.87936401367188,184.92652833719143,182.23654294737904,184.66938783835042,101256200,AAPL,170.36694061279297,
2023-06-20,182.9683380126953,184.0463209118931,182.37496829785866,182.37496829785866,49799100,AAPL,170.77394805908204,
2023-06-21,181.92990112304688,183.36389651223345,180.57500960781312,182.85951500078752,49515700,AAPL,171.2121337890625,
2023-06-22,184.93638610839844,184.98583735805877,181.6431320743364,181.7123668419414,51245300,AAPL,171.7347442626953,
2023-06-23,184.61990356445312,185.49019723798705,182.96833449974372,183.5023838322858,53117000,AAPL,172.26485137939454,
2023-06-26,183.22547912597656,185.97479955864205,183.18591209060443,184.76826151663462,48088700,AAPL,172.65922485351564,
2023-06-27,185.9846954345703,186.31105559004374,183.62107045135676,183.83864388833905,50730800,AAPL,173.11569580078125,
2023-06-28,187.1615447998047,187.80436573389431,185.5297592960992,185.8561043245189,51216800,AAPL,173.59530822753905,
2023-06-29,187.497802734375,187.97251662731944,186.85498175364998,186.99343619982474,46347300,AAPL,174.05715393066407,
2023-06-30,191.8294677734375,192.3338342950544,189.14936702429083,189.51529419368583,85213200,AAPL,174.58272033691406,
2023-07-03,190.3361358642578,191.74046380244184,189.64384856353968,191.64156130508144,31458200,AAPL,175.09777740478515,
2023-07-05,189.21856689453125,190.85035217383722,188.51639550688827,189.4559237911429,46920300,AAPL,175.62267822265625,
2023-07-06,189.69329833984375,189.90098754652763,187.1121001189567,187.74503686210437,45094300,AAPL,176.15095062255858,
2023-07-07,188.57577514648438,190.54382026308585,188.14064336966692,189.2977302172838,46815000,AAPL,176.687685546875,
2023-07-10,186.5286102294922,187.89338618022617,184.97592859390042,187.17143117099337,59922200,AAPL,177.18367431640624,
2023-07-11,186.0044403076172,187.21097817460068,184.5407771096242,187.07252375168784,46638100,AAPL,177.57733367919923,
2023-07-12,187.67584228515625,189.584536983352,186.39018510952786,187.58682399015723,60750200,AAPL,177.97933624267577,
2023-07-13,188.4373321533203,189.08016827912527,187.68572439450045,188.39778020407888,41342300,AAPL,178.39834655761717,
2023-07-14,188.58567810058594,189.07026113812964,187.53737794948708,188.13074770594125,41616200,AAPL,178.84106323242187,
2023-07-17,191.84922790527344,192.17558799962066,189.69327745817978,189.78228064107432,50520200,AAPL,179.37058044433593,
2023-07-18,191.5921173095703,192.185502135392,190.296576033276,191.21632100425936,48288200,AAPL,179.92774322509766,
2023-07-19,192.94699096679688,196.04243976648678,190.5240157315845,190.9690618542327,80507300,AAPL,180.35833282470702,
2023-07-20,190.9987335205078,194.3018715848771,190.3756810082794,192.9370956401489,59581200,AAPL,180.75134002685547,
2023-07-21,189.82188415527344,192.8184459451999,189.11971258876892,191.95805149771712,71951700,AAPL,181.15498168945314,155.45742378234863
2023-07-24,190.6229248046875,192.759091941705,190.1284425094743,191.27564505606543,45377800,AAPL,181.53928802490233,155.69139045715332
2023-07-25,191.48333740234375,192.2942956871053,190.79106514120798,191.19654428358876,37283200,AAPL,181.93704986572266,155.92818252563475
2023-07-26,192.35362243652344,193.4810415222525,191.18665140498055,191.53277997466063,47471900,AAPL,182.37080993652344,156.17410049438476
2023-07-27,191.08773803710938,195.02381285425056,190.42513357699178,193.85684188907683,47460200,AAPL,182.78914215087892,156.43997436523438
2023-07-28,193.6689453125,194.4601200346163,191.99759267326004,192.5217427199515,48291400,AAPL,183.25909851074218,156.71712982177735
2023-07-31,194.28208923339844,194.32165626732748,193.10521896564188,193.8963936498011,38824100,AAPL,183.7290545654297,157.00443908691406
2023-08-01,193.45135498046875,194.55899044039094,193.12499487022708,194.07440747187567,35175100,AAPL,184.1357162475586,157.29074493408203
2023-08-02,190.4547882080078,193.02608689409655,189.73284833699685,192.887632465541,50389300,AAPL,184.48027130126954,157.53917922973633
2023-08-03,189.0603485107422,190.2471029357017,188.58564975883863,189.4559433793295,61235200,AAPL,184.81592529296876,157.80333312988282
2023-08-04,179.981689453125,185.31220853119976,179.91245468139763,183.47273360328953,115956800,AAPL,185.02222351074218,158.00225692749024
2023-08-07,176.87632751464844,181.10909486166798,175.39288059142936,180.1201302461886,97576100,AAPL,185.16087677001954,158.1790579986572
2023-08-08,177.81581115722656,178.28062565603474,175.6203088706347,177.70702446409274,67823000,AAPL,185.29557312011718,158.36001502990723
2023-08-09,176.22360229492188,178.93335560733482,175.05661623443876,178.87402014653773,60378500,AAPL,185.3501641845703,158.53532447814942
2023-08-10,176.00604248046875,178.75536303948698,175.64013038367378,177.4993736907431,54686900,AAPL,185.36341644287108,158.69044761657716
2023-08-11,176.06544494628906,176.88739582771854,174.83748251539495,175.60001780962375,52036700,AAPL,185.37884552001952,158.83513717651368
2023-08-14,177.71925354003906,177.94701832041608,175.5900993670502,176.2437010263368,43675600,AAPL,185.3711782836914,158.97387046813964
2023-08-15,175.72872924804688,177.73903700795614,175.33261529851168,177.14486608365337,43622600,AAPL,185.3066897583008,159.11736869812012
2023-08-16,174.85728454589844,176.80816171418965,174.78795629022963,175.4118501481314,46964900,AAPL,185.25187042236328,159.27890602111816
2023-08-17,172.31219482421875,175.78814227993055,171.79723460866867,175.42173612638558,66062900,AAPL,185.15346740722657,159.3738680267334
2023-08-18,172.79747009277344,173.40155375891743,170.29201204567954,170.62871045348956,61172200,AAPL,185.09226257324218,159.48306999206542
2023-08-21,174.1343536376953,174.4215491084137,172.05473264129324,173.37183349440417,46311900,AAPL,185.0034030151367,159.61219734191894
2023-08-22,175.51087951660156,175.95651153189084,174.54038966607246,175.34253031574917,42038900,AAPL,184.93435974121093,159.77587059020996
2023-08-23,179.36314392089844,179.78898080878903,176.60021337314086,176.78837280424742,52722800,AAPL,184.88638671875,159.9890773010254
2023-08-24,174.66912841796875,179.3433458832632,174.30270712253693,178.91750900229638,54945800,AAPL,184.75402740478515,160.18014526367188
2023-08-25,176.8774871826172,177.41224254469248,174.1145567754665,175.6594223889941,51449600,AAPL,184.65317657470703,160.37959259033204
2023-08-28,178.44216918945312,178.83828316683332,176.8180777049469,178.34313313971825,43820700,AAPL,184.54287353515625,160.58400367736817
2023-08-29,182.33401489257812,183.10644761478187,177.75883413632863,177.95689109649774,53003900,AAPL,184.5319665527344,160.83070205688477
2023-08-30,185.82980346679688,186.027875570887,182.9480417259573,183.14609871926743,60813900,AAPL,184.5891958618164,161.0357137298584
2023-08-31,186.0476531982422,187.28552817850573,185.6614368088311,186.01794540757814,60794500,AAPL,184.6715509033203,161.22786155700683
2023-09-01,187.6222381591797,188.07776768138748,186.45367634199346,187.65194594928982,45766500,AAPL,184.72526794433594,161.43488334655763
2023-09-05,187.8599395751953,188.13722241444697,185.79021584264493,186.4537151444815,45280000,AAPL,184.79006866455077,161.63441612243653
2023-09-06,181.13580322265625,187.01818850408822,179.70976859554776,186.57254135003106,81755800,AAPL,184.7482751464844,161.80649131774902
2023-09-07,175.83766174316406,176.48136579557718,171.85665159906446,173.48074295917408,112488800,AAPL,184.54533447265624,161.94256004333496
2023-09-08,176.45164489746094,178.49167556913386,176.06542850593996,176.6200091931817,65551300,AAPL,184.33113647460937,162.0788882446289
2023-09-11,177.62022399902344,178.5511084974291,175.619813594627,178.3233437087065,58953100,AAPL,184.13358489990233,162.2372312927246
2023-09-12,174.5899200439453,178.3827714442694,173.12428004812202,177.7489799506068,90370200,AAPL,183.7887939453125,162.36972373962402
2023-09-13,172.5201873779297,175.58021106580875,172.29240747476095,174.7978655233742,84267900,AAPL,183.43247497558593,162.48747940063475
2023-09-14,174.0353546142578,174.39186327435525,171.89630265367322,172.31222690532334,60895800,AAPL,183.12881072998047,162.62740493774413
2023-09-15,173.31240844726562,174.78796097983732,172.13396406629226,174.76815074757482,109259500,AAPL,182.8011929321289,162.78289527893065
2023-09-18,176.2436981201172,177.64002479353724,174.46115503817452,174.76814563074643,67257600,AAPL,182.55455139160156,162.96807998657226
2023-09-19,177.33303833007812,177.88760394386657,175.4118538031827,175.7980702206982,51826900,AAPL,182.37063995361328,163.12488838195802
2023-09-20,173.78778076171875,177.95693597912128,173.69864226300012,177.52120149038592,58436200,AAPL,182.12630676269532,163.26259002685546
2023-09-21,172.24285888671875,174.58987998681354,172.17354574949883,172.85685511620576,63149100,AAPL,181.81764709472657,163.39503227233888
2023-09-22,173.0945587158203,175.36235454947433,172.36174626663464,172.97572753179696,56725400,AAPL,181.51079162597657,163.53755104064942
2023-09-25,174.37203979492188,175.2534062611611,172.46075278406465,172.51027081019092,46172700,AAPL,181.2265188598633,163.70479850769044
2023-09-26,170.29200744628906,173.50057001651604,169.99491440180657,173.12426626356617,64588900,AAPL,180.7953744506836,163.86135887145997
2023-09-27,168.77682495117188,171.36150860467507,167.41022120055555,170.94558441007192,66921800,AAPL,180.3390686035156,164.00191230773925
2023-09-28,169.03433227539062,170.36133082824708,165.9941036111019,167.69742105029528,56294400,AAPL,179.8608154296875,164.14616905212404
2023-09-29,169.5492706298828,171.39122924497295,168.68769934956754,170.3514112168,51861100,AAPL,179.431826171875,164.28151252746582
2023-10-02,172.0646209716797,172.60928898108386,169.27196778388654,169.55916323919894,52164500,AAPL,179.07668090820312,164.42460098266602
2023-10-03,170.7277374267578,171.94581747397606,169.1630765091389,170.589096012129,49594600,AAPL,178.67877716064453,164.57214782714843
2023-10-04,171.9755096435547,172.5201776911012,169.31160010164683,169.43043127173715,53020300,AAPL,178.28862060546874,164.7590168762207
2023-10-05,173.21339416503906,173.74814957044222,171.00501406167223,172.1042477774046,48527900,AAPL,177.90581604003907,164.96188705444337
2023-10-06,175.7683563232422,176.26350633418187,171.50015053588783,172.1141468247828,57266700,AAPL,177.59942840576173,165.1880832672119
2023-10-09,177.25381469726562,177.3132302836497,174.09475506108697,175.09495269037185,42390800,AAPL,177.27112579345703,165.4220517730713
2023-10-10,176.6596221923828,177.9767230488949,176.22388776036024,176.3724418317021,43698000,AAPL,176.91867645263673,165.6375185394287
2023-10-11,178.05596923828125,178.10548726772782,175.87731193966172,176.4714829606774,47551100,AAPL,176.61076873779297,165.87584297180175
2023-10-12,178.95713806152344,180.57131695227565,177.30332359387822,178.3233466007442,56743100,AAPL,176.3808157348633,166.12049766540528
2023-10-13,177.1151885986328,180.16529977566205,176.41206884050376,179.6602521369707,51427100,AAPL,176.1419125366211,166.36496536254882
2023-10-16,176.98641967773438,177.34292828713865,174.79784999846225,175.0355274416581,52517000,AAPL,176.08200714111328,166.6284616470337
2023-10-17,175.431640625,176.6893258679855,173.10444466932296,174.93649062028842,57549400,AAPL,176.0531134033203,166.86658248901367
2023-10-18,174.1343536376953,175.8574811296678,173.41143884685883,173.87688106979198,54764400,AAPL,175.9794842529297,167.09663902282716
2023-10-19,173.758056640625,176.11496052795673,173.4906713911534,174.33241738277906,59302900,AAPL,175.93017333984375,167.34877613067627
2023-10-20,171.2030792236328,173.71843472751576,170.96540176933075,173.60950111647477,64244000,AAPL,175.83411407470703,167.58177799224853
2023-10-23,171.32191467285156,172.32211231863303,168.2816861592976,169.25219112217718,55980100,AAPL,175.7392434692383,167.82198085784913
2023-10-24,171.7576446533203,171.98540943587548,169.78694209599936,171.3714282347356,43816600,AAPL,175.6200112915039,168.0416822052002
2023-10-25,169.4403533935547,171.38133313025827,168.99470625930118,170.2127862637829,57157000,AAPL,175.49424377441406,168.24718383789062
2023-10-26,165.27117919921875,169.71763198356828,164.06301189675906,168.71741923518283,70625300,AAPL,175.30252166748048,168.42898010253907
2023-10-27,166.58828735351562,167.321114882013,165.2117707914918,165.29099661436564,58499100,AAPL,175.1880435180664,168.60375373840333
2023-10-30,168.63816833496094,169.50963710831374,167.23194424845474,167.38049830433684,51131000,AAPL,175.10485748291015,168.78917106628418
2023-10-31,169.11354064941406,169.24226937820893,166.27136928302133,167.70731641765212,44846000,AAPL,175.00444122314454,168.9703092956543
2023-11-01,172.28248596191406,172.53995851269775,168.4698250558493,169.34129385969914,56934900,AAPL,174.93987335205077,169.16147445678712
2023-11-02,175.8475799560547,176.05553449603235,173.7580463313888,173.81746191423957,77334800,AAPL,174.8695620727539,169.37406425476075
2023-11-03,174.93650817871094,175.10487249469713,171.66852990822986,172.5498964006483,79829200,AAPL,174.87490966796875,169.5818027496338
2023-11-06,177.49147033691406,177.6895273209714,174.50077512285628,174.66912431484397,63841300,AAPL,174.88718933105469,169.78949691772462
2023-11-07,180.05636596679688,180.67034717470034,177.23400472320088,177.44195927584823,70530000,AAPL,174.91947326660156,169.99404090881347
2023-11-08,181.11599731445312,181.67056299140017,179.82860407252238,180.581241871906,49340300,AAPL,174.89511291503905,170.19688171386719
2023-11-09,180.64065551757812,182.33406032637882,180.0464693782347,181.18532362684607,53763500,AAPL,174.79132995605468,170.40064918518067
2023-11-10,184.8351287841797,185.00371491529177,181.98922784820692,182.425536381392,66133400,AAPL,174.76707946777344,170.6150351715088
2023-11-13,183.24856567382812,184.46823531200093,182.66352248721634,184.26000678217753,43627500,AAPL,174.6796060180664,170.81177513122557
2023-11-14,185.8664093017578,186.53078271340215,184.7359804157126,186.1242211071054,60108400,AAPL,174.63973541259764,171.0360506439209
2023-11-15,186.4315948486328,187.90909130382101,186.20353000343164,186.2729495954029,53790500,AAPL,174.7456512451172,171.2567918395996
2023-11-16,188.1173553466797,189.35686136039257,187.0662415372727,187.97853127837138,54412900,AAPL,174.9912451171875,171.48034103393556
2023-11-17,188.0974884033203,188.78169803245333,186.98689603758916,188.6527845861859,50922700,AAPL,175.22416198730468,171.67721588134765
2023-11-20,189.8427276611328,190.29887250675844,188.2859160609316,188.2958266614519,46505100,AAPL,175.4686120605469,171.86467277526856
2023-11-21,189.03952026367188,189.91213724546566,188.14708208188244,189.80306012274144,38134500,AAPL,175.7576040649414,172.0617710876465
2023-11-22,189.70388793945312,191.31028267101584,189.22792193208022,189.88238464889707,39617700,AAPL,176.10127807617187,172.247794342041
2023-11-24,188.37513732910156,189.2973223945837,187.66118076777323,189.26757546541884,24048300,AAPL,176.38807373046876,172.4406337738037
2023-11-27,188.19667053222656,189.06928760823715,187.31414285514808,188.3255839995523,40552600,AAPL,176.68575897216797,172.63775787353515
2023-11-28,188.80149841308594,189.47579736841817,187.8098938728267,188.18670843994425,38415400,AAPL,176.93691497802735,172.83607917785645
2023-11-29,187.7801971435547,190.47736342450784,187.38356127369806,189.2973512852548,43014200,AAPL,177.1458581542969,173.01527000427245
2023-11-30,188.3553466796875,188.72225077951296,186.6101275124571,188.24626953606747,48794400,AAPL,177.43720947265626,173.2005463409424
2023-12-01,189.6344757080078,189.95178132302283,187.64134070945283,188.73211185944243,45704800,AAPL,177.78504180908203,173.38170028686523
2023-12-04,187.8396759033203,188.45448112204545,185.87630278327032,188.38506152852514,43389500,AAPL,178.07994415283204,173.56187980651856
2023-12-05,191.79617309570312,192.76794143388682,188.58336852388663,188.61313058416235,66628400,AAPL,178.42842681884767,173.76756996154785
2023-12-06,190.70542907714844,193.1249319103576,190.4971854261922,192.8175368647406,41089700,AAPL,178.83669525146485,173.98790397644044
2023-12-07,192.6390380859375,193.3629052381858,191.96473906125271,192.0044117201268,47477700,AAPL,179.31393951416015,174.21578254699708
2023-12-08,194.06695556640625,194.3446036620394,192.04407357743747,192.56962283922067,53406400,AAPL,179.81459197998046,174.44838111877442
2023-12-11,191.5581817626953,191.8655919183663,189.8129630007935,191.48877730415995,60943700,AAPL,180.2547702026367,174.6817190551758
2023-12-12,193.07537841796875,193.08528901898003,190.1104746012234,191.45905774250062,52696900,AAPL,180.6749853515625,174.9166680908203
2023-12-13,196.29808044433594,196.33773797632358,193.214189106248,193.45216455954898,70404200,AAPL,181.18639221191407,175.17024909973145
2023-12-14,196.4468231201172,197.9441408874326,194.51319682969313,196.35758232148717,66831600,AAPL,181.6758184814453,175.43494346618652
2023-12-15,195.91136169433594,196.73438033852585,195.34613971264017,195.87168903034603,128538400,AAPL,182.12977783203124,175.69399780273437
2023-12-18,194.2454833984375,194.97927647202485,192.75807604734507,194.44380135244515,55751900,AAPL,182.49932037353517,175.9194401550293
2023-12-19,195.28663635253906,195.29654695271066,194.24544836840317,194.51318587990949,40714100,AAPL,182.85997680664062,176.13626182556152
2023-12-20,193.19435119628906,196.0204155959587,193.19435119628906,195.24696511767544,52242800,AAPL,183.19067138671875,176.3536339569092
2023-12-21,193.04559326171875,195.42545358966169,191.875506993429,194.45368523269553,46482500,AAPL,183.4904638671875,176.56399085998535
2023-12-22,191.97467041015625,193.7694724442452,191.34995462543642,193.54139247575878,37149600,AAPL,183.75081451416017,176.78025199890138
2023-12-26,191.42930603027344,192.2622504150879,191.21115176796184,191.9846022868164,28919300,AAPL,184.03709686279296,177.0041065979004
2023-12-27,191.5284423828125,191.87551008122907,189.48573911500236,190.87399477798158,48087700,AAPL,184.32793731689452,177.21872901916504
2023-12-28,191.95486450195312,193.02579953233345,191.54830289093405,192.51016078496022,34049900,AAPL,184.6584017944336,177.42501502990723
2023-12-29,190.91368103027344,192.7679772625201,190.1203941221817,192.27217483629892,42672100,AAPL,184.99398834228515,177.62411987304688
2024-01-02,184.08151245117188,186.85800888690832,182.34620407017263,185.57883023572913,82488700,AAPL,185.2004574584961,177.77494132995605
2024-01-03,182.70315551757812,184.31947592788424,181.8900324473893,182.67340858873573,58414500,AAPL,185.430458984375,177.92306816101075
2024-01-04,180.38282775878906,181.552914127362,179.36147605378457,180.62080322049852,71983600,AAPL,185.61167724609376,178.04774223327638
2024-01-05,179.658935546875,181.2256728170181,178.65742022872922,180.46214807824285,62379700,AAPL,185.76970306396484,178.1595135498047
2024-01-08,184.00216674804688,184.04183940945515,179.9762540642685,180.56129720920066,59144500,AAPL,186.0609393310547,178.3001609802246
2024-01-09,183.585693359375,183.59560395931726,181.19592240352762,182.37593441619447,42841800,AAPL,186.4272296142578,178.43329429626465
2024-01-10,184.62689208984375,184.83512061558696,182.375945055311,182.80234296869347,46792900,AAPL,186.78800170898438,178.56511535644532
2024-01-11,184.0319061279297,185.47965559618967,182.07844372761645,184.97392753345,49128400,AAPL,187.09587646484374,178.70368934631347
2024-01-12,184.35914611816406,185.17226924419936,183.63527891547233,184.49797017252533,40477800,AAPL,187.40078857421875,178.84701042175294
2024-01-16,182.08839416503906,182.71309489982514,179.41104910197012,180.63073389939075,65603000,AAPL,187.59690673828126,178.96357131958007
2024-01-17,181.14634704589844,181.39424823145328,178.786338048284,179.74819585869176,47317400,AAPL,187.70288208007813,179.06757064819337
2024-01-18,187.04640197753906,187.55211493445296,184.26990575318283,184.52771753168435,78005800,AAPL,187.94507995605468,179.18852767944335
2024-01-19,189.95179748535156,190.33852272040096,187.23481023986653,187.74052319933506,68903000,AAPL,188.19428649902343,179.31774032592773
2024-01-22,192.26223754882812,193.69015075906108,190.64591702187175,190.68558968364889,60133900,AAPL,188.43840393066407,179.461171875
2024-01-23,193.54139709472656,194.10661903356933,192.20273983497614,193.38275184285894,42355600,AAPL,188.68691192626954,179.62023300170898
2024-01-24,192.86712646484375,194.73134826169684,192.7084660713482,193.77940103141137,53631300,AAPL,188.93144134521484,179.771478805542
2024-01-25,192.53988647460938,194.62226243680658,191.48878789336808,193.58107445570798,54822100,AAPL,189.08553649902345,179.93407516479493
2024-01-26,190.80458068847656,193.1249321296598,190.3286146537771,192.63905549468925,44594000,AAPL,189.2366567993164,180.09406875610352
2024-01-29,190.120361328125,190.5864167388377,187.98841731539085,190.39800942846193,47145600,AAPL,189.32173583984374,180.25409782409668
2024-01-30,186.4613494873047,190.18979301004535,185.89614265093053,189.33701232459805,55859400,AAPL,189.32233093261718,180.3688705444336
2024-01-31,182.85191345214844,185.5292584344751,182.8023453182215,185.46974943852436,55467800,AAPL,189.21702209472656,180.4673243713379
2024-02-01,185.291259765625,185.38050055962896,182.2767880551107,182.44535904290282,64885400,AAPL,189.16089752197266,180.57787605285645
2024-02-02,184.28973388671875,185.75730456104918,177.7451370154647,178.35001646911297,102551700,AAPL,189.04983764648438,180.67729713439942
2024-02-05,186.1043701171875,187.6611968198497,184.27982102914154,186.57042555488334,69668800,AAPL,188.9911346435547,180.78006324768066
2024-02-06,187.71078491210938,187.72069551270494,185.2020260688322,185.291266866256,43490800,AAPL,188.9512725830078,180.8957007598877
2024-02-07,187.81985473632812,189.4460858813363,187.02656792958788,189.03952431241242,53439000,AAPL,188.94016693115233,181.01993240356444
2024-02-08,186.739013671875,187.94875754592414,185.77715585449096,187.8000228857875,40962000,AAPL,188.9110137939453,181.1372290802002
2024-02-09,187.50350952148438,188.63538073939827,186.65956394365634,187.30492339729363,45155200,AAPL,188.8850540161133,181.26605148315429
2024-02-12,185.8156280517578,187.32479480430874,185.45819421957458,187.0765772861258,41781900,AAPL,188.84576263427735,181.38648376464843
2024-02-13,183.72068786621094,184.8823592862032,182.2015977323704,184.44549399150463,56529500,AAPL,188.75306945800781,181.47347984313964
2024-02-14,182.8370361328125,184.20720181831388,181.13923662251403,183.99870756617022,54630500,AAPL,188.6171206665039,181.54978645324707
2024-02-15,182.549072265625,183.17458519121215,180.05697410890977,182.24128500065143,65434500,AAPL,188.51130859375,181.62509773254394
2024-02-16,181.0101318359375,183.53203018346474,180.37469562592958,182.11221816970058,49752500,AAPL,188.2955877685547,181.69789916992187
2024-02-20,180.26547241210938,181.12926445278407,178.7165976564194,180.49382826711656,53665600,AAPL,188.0867886352539,181.77235969543457
2024-02-21,181.02008056640625,181.5860086349742,179.37191259479573,180.64278508736416,41371400,AAPL,187.85440948486328,181.8587902069092
2024-02-22,183.05543518066406,183.64123998867086,181.1590650140456,182.17178149569722,52292200,AAPL,187.63417907714845,181.91697982788085
2024-02-23,181.21864318847656,183.72066477086588,180.9307023940782,183.6908798817894,45119700,AAPL,187.42738830566407,181.96633117675782
2024-02-26,179.86834716796875,181.45693020455124,179.36197373162466,180.94064867140935,40867400,AAPL,187.16324768066406,182.0174739074707
2024-02-27,181.32786560058594,182.60866132395924,178.27974721589908,179.8087756065873,54318900,AAPL,186.86384338378906,182.0670751953125
2024-02-28,180.12648010253906,181.814356133641,178.84568442217187,181.20870480571682,48953900,AAPL,186.5374365234375,182.10973136901856
2024-02-29,179.46128845214844,181.26831948615475,178.2499855974841,179.97758519757838,136682600,AAPL,186.20843505859375,182.15370971679687
2024-03-01,178.3790283203125,179.24282037465971,176.11528592616577,178.26981201401622,73563100,AAPL,185.89110595703124,182.19474922180177
2024-03-04,173.85154724121094,175.63870116419773,172.55087478393426,174.8940486462885,81510100,AAPL,185.46240417480467,182.21315132141115
2024-03-05,168.90704345703125,170.8133520831047,168.41060844555398,169.5424796657224,95132400,AAPL,184.97665802001953,182.20376510620116
2024-03-06,167.9141845703125,170.01907946057096,167.47731930724007,169.84035496658896,68587700,AAPL,184.4740298461914,182.17774467468263
2024-03-07,167.7950439453125,169.51270494606766,167.28868565722726,167.94396839769192,71765100,AAPL,183.99043731689454,182.15058471679689
2024-03-08,169.51271057128906,172.46153602621885,167.73547973060533,167.7950495135339,76267000,AAPL,183.55210540771483,182.13676002502442
2024-03-11,171.518310546875,173.13669366515666,170.82330450374639,171.70695829072324,60139500,AAPL,183.1519027709961,182.1460176849365
2024-03-12,171.99485778808594,172.7891567808166,169.79068527950514,171.91542637381357,59825400,AAPL,182.75270263671874,182.15627365112306
2024-03-13,169.9098663330078,171.9551763303205,169.54249409126064,171.53817270319811,52488700,AAPL,182.33262634277344,182.15041801452637
2024-03-14,171.7665252685547,173.06718266017282,170.82330171470906,171.67717059661035,72913500,AAPL,182.0863265991211,182.14178039550782
2024-03-15,171.38922119140625,171.38922119140625,169.0758321837892,169.94956266563446,121752700,AAPL,181.86004791259765,182.1220093536377
2024-03-18,172.48138427734375,176.44294118443133,172.282813299669,174.31819990832292,75604200,AAPL,181.70201904296874,182.10794631958007
2024-03-19,174.8245849609375,175.35080494990183,171.79632784991836,173.09698537547163,55215200,AAPL,181.60533203125,182.09155616760253
2024-03-20,177.39608764648438,177.39608764648438,173.84161109695287,174.46712406809783,53423100,AAPL,181.47321044921875,182.08377082824708
2024-03-21,170.1481475830078,176.22452301821235,169.62192763151074,175.78765774149878,106181300,AAPL,181.20445953369142,182.04652030944825
2024-03-22,171.0516357421875,171.81614985448238,168.84746321582597,170.53533912024872,71160100,AAPL,180.93295440673828,182.01561676025392
2024-03-25,169.6318359375,170.71406054011143,168.24180892635403,169.3538335652694,54288300,AAPL,180.6449530029297,181.98448738098145
2024-03-26,168.49998474121094,170.19778406175462,168.37090678526505,168.78791039294236,57388400,AAPL,180.32776977539064,181.93410064697267
2024-03-27,172.07427978515625,172.3622205398845,168.8970991381061,169.19496313782787,60273300,AAPL,180.12748748779296,181.899656829834
2024-03-28,170.25735473632812,171.00200728609337,169.29426955996547,170.5254338962422,65672700,AAPL,179.90970764160156,181.8421346282959
2024-04-01,168.8177032470703,170.02900599080004,168.2716216576847,169.96943620832081,46240500,AAPL,179.5451336669922,181.77978767395018
2024-04-02,167.63616943359375,168.13260444031488,167.0305181193942,167.87446369081778,49329500,AAPL,179.09882110595703,181.70836837768556
2024-04-03,168.4403839111328,169.46303876556578,167.37802092400054,167.58651513316036,47691700,AAPL,178.62238403320313,181.63078369140624
2024-04-04,167.61634826660156,170.6942366833166,167.61634826660156,169.07585346888487,53704400,AAPL,178.10388305664063,181.5544686126709
2024-04-05,168.3708953857422,169.1751176568126,167.74538244157907,168.38081863168355,42104800,AAPL,177.6139584350586,181.48148139953614
2024-04-08,167.2489471435547,167.99359963764888,167.04045292920483,167.82481355698678,37425500,AAPL,177.1081396484375,181.40807662963869
2024-04-09,168.46026611328125,168.86734648560252,167.1496854743383,167.49718091534808,42373800,AAPL,176.6612533569336,181.32569602966308
2024-04-10,166.58370971679688,167.88436685482412,165.9184887053628,167.59644125136458,49709300,AAPL,176.19052032470702,181.2355150604248
2024-04-11,173.79196166992188,174.20898041040104,166.96102623293754,167.13973556457645,91070300,AAPL,175.93713256835937,181.18834747314452
2024-04-12,175.2912139892578,177.0883063929916,172.96790166012116,173.0175330436537,101670900,AAPL,175.78591857910158,181.13488006591797
2024-04-15,171.45872497558594,175.37063525095596,171.27007724910962,174.10968609239896,73531800,AAPL,175.5092678833008,181.05636596679688
2024-04-16,168.17233276367188,172.5210932508517,167.0702464097302,170.52542991803605,73711200,AAPL,175.18691986083985,180.95973861694335
2024-04-17,166.8022003173828,169.4333003933425,166.8022003173828,168.40072200975763,50901200,AAPL,174.80087646484375,180.83460227966307
2024-04-18,165.8489990234375,167.4375970919546,165.36250241682455,166.83194578270678,43122900,AAPL,174.36364074707032,180.712166595459
2024-04-19,163.82357788085938,165.21359005742565,162.91013914340203,165.02495745131748,68149400,AAPL,173.88371520996094,180.5851916503906
2024-04-22,164.65757751464844,166.06745127090076,163.5952143613438,164.33986695337822,48116400,AAPL,173.4420864868164,180.46001304626463
2024-04-23,165.7100067138672,165.85894631264824,163.74412823991455,164.17107024309314,49537800,AAPL,173.00621643066407,180.34568420410156
2024-04-24,167.8148956298828,168.09289802448964,165.02493328758231,165.35256706337344,48251800,AAPL,172.64620178222657,180.25211563110352
2024-04-25,168.67869567871094,169.39356334150216,166.9510963019663,168.3212618473153,50558300,AAPL,172.34536193847657,180.16548690795898
2024-04-26,168.0928955078125,170.1183436596222,167.97374080476908,168.66876193087458,44838400,AAPL,172.05047912597655,180.06757217407227
2024-04-29,172.26296997070312,174.77493022282954,171.8658279731322,172.13389200399433,68169400,AAPL,171.84475708007812,179.98670036315917
2024-04-30,169.1155548095703,173.74233280675443,168.78790588015656,172.09416491333778,65934800,AAPL,171.60686553955077,179.8893497467041
2024-05-01,168.0928955078125,171.47858587357683,167.90424778215495,168.37089789825708,50383100,AAPL,171.36341400146483,179.77056808471679
2024-05-02,171.7963104248047,172.18352915382397,169.67156903864844,171.2800137361139,94214900,AAPL,171.1789385986328,179.67158905029297
2024-05-03,182.07252502441406,185.66670996286234,181.35765733555206,185.31919936550048,163224100,AAPL,171.1592803955078,179.61721672058104
2024-05-06,180.41441345214844,182.8866500436298,179.13360267463952,181.04984964293004,78569700,AAPL,171.14319580078126,179.56429512023925
2024-05-07,181.0994873046875,183.5816623782166,180.02720100491794,182.1420038655686,77305800,AAPL,171.16781860351563,179.52068313598633
2024-05-08,181.4370880126953,181.76473696457006,180.15627709627628,181.5463043299869,45057100,AAPL,171.17000305175782,179.47475395202636
2024-05-09,183.25404357910156,183.34339825305352,180.81157644111198,181.25836496086742,48983000,AAPL,171.23255432128906,179.43360748291016
2024-05-10,181.99136352539062,184.01955884653998,181.07668601424152,183.83065525294157,50759500,AAPL,171.2831558227539,179.38179618835449
2024-05-13,185.20269775390625,186.01796278299403,183.5522942832241,184.36755931231187,72044800,AAPL,171.4196292114258,179.35237098693847
2024-05-14,186.34605407714844,187.2110330394528,185.21264749222254,186.42559324440313,52393600,AAPL,171.66951934814452,179.31575653076172
2024-05-15,188.62281799316406,189.54743236218252,186.2864023770235,186.82328796013638,70400000,AAPL,172.0638348388672,179.28746017456055
2024-05-16,188.74209594726562,189.99481870677727,188.5631442219314,189.36845732702145,52845200,AAPL,172.48039306640624,179.26391387939452
2024-05-17,188.77194213867188,189.7065083736888,188.0859301078384,188.4140234778259,41282900,AAPL,172.89993103027345,179.25549964904786
2024-05-20,189.93515014648438,190.81006568993442,187.91689147556073,188.23504809883084,44361300,AAPL,173.30837982177735,179.25987365722656
2024-05-21,191.2375946044922,191.6153866469515,189.815856788038,189.98487181213304,42309400,AAPL,173.70276550292968,179.31615318298338
2024-05-22,189.79595947265625,191.70486886169914,189.1696132758398,191.15804664976199,34648500,AAPL,174.05878753662108,179.38075134277344
2024-05-23,185.79922485351562,189.89539287135,185.55067067436462,189.87550428926582,51005900,AAPL,174.37657470703124,179.4206684112549
2024-05-24,188.88128662109375,189.47782271626807,186.9525037733123,187.72800676525614,36327000,AAPL,174.71886993408202,179.48395683288575
2024-05-28,188.8912353515625,191.88382214222983,188.00638309980087,190.40243380522858,52280100,AAPL,175.06891021728515,179.5483827972412
2024-05-29,189.18951416015625,191.13818582461732,188.41402624535667,188.51345399670836,53068000,AAPL,175.4030728149414,179.61400314331055
2024-05-30,190.1837158203125,191.06856812279528,189.52754429358754,189.6567821553814,49889100,AAPL,175.71025543212892,179.6763254547119
2024-05-31,191.13815307617188,191.4563096895504,188.81168973037515,190.33284000805318,75158300,AAPL,175.98509674072267,179.75337257385254
2024-06-03,192.90786743164062,193.86232215027837,191.40660565779223,191.7843976924141,50080500,AAPL,176.4402911376953,179.84362548828125
2024-06-04,193.22604370117188,194.19043522355722,191.91367022597112,193.51435990194162,47471400,AAPL,176.883779296875,179.94819473266602
2024-06-05,194.73721313476562,195.76125508510356,193.74299647070612,194.26993008901428,54156800,AAPL,177.38588684082032,180.05789344787598
2024-06-06,193.35525512695312,195.36357706257476,193.04705038431933,194.55826398135935,41181800,AAPL,177.88299224853515,180.15399795532227
2024-06-07,195.7513427734375,195.80105664694403,193.01724660656404,193.52429170702464,53103900,AAPL,178.35653350830077,180.25520027160644
2024-06-10,192.0031280517578,196.15896182874013,191.03873662001607,195.76126603853862,97010200,AAPL,178.79144897460938,180.31840019226075
2024-06-11,205.9519805908203,205.9619324668351,192.51018190883102,192.53005531977516,172373300,AAPL,179.53413452148436,180.474814453125
2024-06-12,211.8377685546875,218.92652361101457,205.7034379048798,206.17072098738436,198134300,AAPL,180.41816650390626,180.64961585998535
2024-06-13,213.00099182128906,215.49647028335949,210.37626033331,213.49810017257707,97862700,AAPL,181.30937866210937,180.82240997314454
2024-06-14,211.2611083984375,213.9256018265929,210.07798811856898,212.61324369392398,70122700,AAPL,182.1822738647461,180.96704544067381
2024-06-17,215.4169464111328,217.6837594401996,211.4897931914233,212.13602802573277,93728300,AAPL,183.1231948852539,181.1149811553955
2024-06-18,213.05068969726562,217.36560169939582,211.76815683093403,216.33160783720555,79943300,AAPL,184.03922973632814,181.24999633789062
2024-06-20,208.4673614501953,213.00100258632773,207.64217489543017,212.6927826496957,86172500,AAPL,184.8393716430664,181.3542219543457
2024-06-21,206.29005432128906,210.66460227969185,205.91224707350656,209.17327704334386,241805100,AAPL,185.63349853515626,181.44637252807618
2024-06-24,206.93626403808594,211.46988977828624,205.39522511371305,206.51869484312465,80727000,AAPL,186.29638458251952,181.57537483215333
2024-06-25,207.86090087890625,210.15753911842552,207.40355450398363,207.94042486793816,55549700,AAPL,186.9477783203125,181.73549102783204
2024-06-26,212.01670837402344,213.6173978459433,209.42180221570723,210.2768291728298,66213200,AAPL,187.75893798828125,181.91331634521484
2024-06-27,212.86180114746094,214.49231592564604,211.12192192565487,213.44838535845383,49772700,AAPL,188.65272735595704,182.08952423095704
2024-06-28,209.40191650390625,214.8204096554565,209.08377504858177,214.52214161134154,82542700,AAPL,189.5047216796875,182.26358421325685
2024-07-01,215.49647521972656,216.25207446959737,210.6944066158183,210.86342163866271,60402900,AAPL,190.4976712036133,182.47846565246581
2024-07-02,218.99610900878906,219.10547344874152,213.85601067210808,214.8999260337406,58046200,AAPL,191.60112182617186,182.70326942443847
2024-07-03,220.2687225341797,220.2687225341797,217.76329209306175,218.72768354780237,37369800,AAPL,192.7133447265625,182.93805099487304
2024-07-05,225.031005859375,225.14037030398515,220.36812707547224,220.36812707547224,60412400,AAPL,193.89976470947266,183.18198753356933
2024-07-08,226.50245666503906,226.53228195249955,221.95887904834774,225.77666754871936,59085900,AAPL,195.07351593017577,183.42783462524415
2024-07-09,227.3574981689453,228.07333550260194,225.0608597111907,226.61183554393173,48076100,AAPL,196.24709197998047,183.69568321228027
2024-07-10,231.6326141357422,231.73204187894612,227.9241899064988,227.97390377810078,62627700,AAPL,197.51788635253905,183.9926319885254
2024-07-11,226.25392150878906,231.04603853364384,224.46432825800636,230.0518217466028,64710600,AAPL,198.5977053833008,184.25842880249024
2024-07-12,229.2067108154297,231.2945719488415,227.3574671508641,227.59608461971035,53046500,AAPL,199.79952850341797,184.53260215759278
2024-07-15,233.04440307617188,235.8580383346859,231.7419815445035,235.11237576276483,62631300,AAPL,201.09855865478517,184.8463641357422
2024-07-16,233.4619903564453,234.9036016458956,230.9863851256273,233.64094209406048,43234300,AAPL,202.33187225341797,185.16978996276856
2024-07-17,227.55633544921875,230.1214164943178,225.32928445945876,228.1230311101644,57345900,AAPL,203.24154846191405,185.4623999786377
2024-07-18,222.8834991455078,229.10730558155058,220.9845567217071,228.94822726389444,66034600,AAPL,204.09093017578124,185.7290711212158
2024-07-19,223.01275634765625,225.4883615119168,221.9887143107171,223.5198165983548,49151500,AAPL,204.92919555664062,185.9838117980957
2024-07-22,222.664794921875,226.4626951020567,221.799816014305,225.69714393989972,48201800,AAPL,205.75374969482422,186.24349708557128
2024-07-23,223.70870971679688,225.6275559695254,221.3921828247117,223.07241159149987,39960300,AAPL,206.56284301757813,186.5021630859375
2024-07-24,217.276123046875,223.4999296447353,215.8742889513949,222.70455320631825,61777600,AAPL,207.2685382080078,186.72247673034667
2024-07-25,216.23220825195312,219.57277716709376,213.3787958392943,217.663867640833,51391200,AAPL,207.88912841796875,186.92479598999023
2024-07-26,216.69949340820312,218.22064384945838,214.76075857434793,217.4352041073067,41601300,AAPL,208.49619720458983,187.12202438354493
2024-07-29,216.97787475585938,218.0317421116191,214.50226952108,215.70527849563507,36311800,AAPL,209.06329833984375,187.3236156463623
2024-07-30,217.53463745117188,219.05578793157815,214.87012855591783,217.92238139381377,41643800,AAPL,209.63914916992186,187.52100898742677
2024-07-31,220.795654296875,222.52559687691686,219.35404306544518,220.1593561933901,50036300,AAPL,210.27962341308594,187.73020156860352
2024-08-01,217.09716796875,223.1817695634113,215.76492117798517,223.07240511518174,62501000,AAPL,210.82286376953124,187.9301114654541
2024-08-02,218.58848571777344,224.29529507499745,216.45092586682142,217.88258518105536,105568600,AAPL,211.36988159179688,188.13812179565429
2024-08-05,208.05975341796875,212.26528622278008,194.86649227009318,197.9386185328084,119548600,AAPL,211.73515747070311,188.30126235961913
2024-08-06,206.03150939941406,208.77555702617022,199.90714644624575,204.1126785722213,69660500,AAPL,212.1398031616211,188.46074813842773
2024-08-07,208.60655212402344,212.40445197195865,205.19638100586542,205.703426053809,63516400,AAPL,212.53430847167968,188.6349906158447
2024-08-08,212.07638549804688,212.9612378528938,207.62229843313003,211.87754516998305,47161100,AAPL,212.99801147460937,188.8393571472168
2024-08-09,214.98944091796875,215.5263113015057,210.7441310403627,210.8733840757052,42201600,AAPL,213.51401000976563,189.0576947784424
2024-08-12,216.5222930908203,218.49311650663688,214.60124108809114,215.0690650325273,38028100,AAPL,214.04078155517578,189.28151802062987
2024-08-13,220.24497985839844,220.86210287308924,217.99543949730662,217.99543949730662,44155300,AAPL,214.62291809082032,189.5355411529541
2024-08-14,220.69288635253906,221.99681536538918,218.68223972219693,219.54821978702563,41960600,AAPL,215.17861846923827,189.8126496887207
2024-08-15,223.6790008544922,224.3060872818483,221.72807374055304,223.55956160665437,46414000,AAPL,215.7876776123047,190.09810325622558
2024-08-16,225.00283813476562,225.77922361016536,222.6139468974481,222.88270038911833,44340200,AAPL,216.3929901123047,190.3799266052246
2024-08-19,224.84356689453125,224.94310972106823,222.00676340736013,224.67435623990076,40687800,AAPL,217.02275634765624,190.6585767364502
2024-08-20,225.460693359375,226.11763957317405,224.4056062095116,224.72413110884563,30299000,AAPL,217.616943359375,190.9244677734375
2024-08-21,225.35121154785156,226.92389412945442,224.00747444255492,225.4706659840429,34765500,AAPL,218.28390502929688,191.17198593139648
2024-08-22,223.4898681640625,227.28221598709214,222.86278176595104,226.7347608131935,43695300,AAPL,218.63466278076172,191.41475273132323
2024-08-23,225.78916931152344,227.16278137803022,223.29080225181497,224.61464290366072,38677300,AAPL,218.91369079589845,191.6562412261963
2024-08-26,226.12759399414062,226.22713682494347,222.85284141893553,225.7095414433551,30602200,AAPL,219.17622283935546,191.886597366333
2024-08-27,226.97366333007812,227.7898720189865,223.84820980142854,224.9530683997657,35934600,AAPL,219.49047393798827,192.11588569641114
2024-08-28,225.4407958984375,228.79517959293358,224.63453544627717,226.86416416696267,38052200,AAPL,219.69095092773438,192.33988639831543
2024-08-29,228.7255096435547,231.8410150307569,227.8197366882459,229.03408635152135,51906300,AAPL,220.00444732666017,192.5593383026123
2024-08-30,227.9391632080078,229.33267166766268,226.42620031745173,229.123652992766,52990800,AAPL,220.3938833618164,192.7827912902832
2024-09-03,221.738037109375,227.9391727978887,220.1454429272487,227.4912604304481,50190600,AAPL,220.70284301757812,192.9621494293213
2024-09-04,219.82691955566406,220.75260404502964,216.47252073588626,220.6331648046219,43840200,AAPL,220.9606561279297,193.12912605285644
2024-09-05,221.34983825683594,224.43546851590304,220.49382156548631,220.60331260233696,36615400,AAPL,221.23043487548827,193.29528846740723
2024-09-06,219.79705810546875,224.1965806221913,218.75191919539128,222.91254804497814,48423000,AAPL,221.3860418701172,193.45378631591797
2024-09-09,219.8866424560547,220.24497537072617,215.7061019102892,219.79706302441255,67180000,AAPL,221.52653869628907,193.6040058898926
2024-09-10,219.09034729003906,220.45399594379384,215.72600018375593,217.905857501112,51591000,AAPL,221.72030731201173,193.75426002502442
2024-09-11,221.6285400390625,222.05654079085224,216.88063262193214,220.43410202901993,44587100,AAPL,221.84294860839844,193.91388328552247
2024-09-12,221.738037109375,222.51442259643306,218.8017058249269,221.46928361366915,37455600,AAPL,221.89778717041017,194.08069778442382
2024-09-13,221.46926879882812,223.00212806640087,220.8820056188433,222.54426752163744,36766600,AAPL,221.92179809570314,194.24706077575684
2024-09-16,215.3179168701172,216.21374159471785,212.92902562434276,215.5368837592455,59357400,AAPL,221.72753631591797,194.379642868042
2024-09-17,215.78570556640625,215.89519659483264,213.50632075947794,214.75053008791312,45519300,AAPL,221.51320129394531,194.51967041015624
2024-09-18,219.6676788330078,221.6783256446234,216.53226176931298,216.54222516573412,59894900,AAPL,221.35940490722658,194.67623207092285
2024-09-19,227.8097686767578,228.75538000957175,223.58941994126667,223.94775287051627,66781300,AAPL,221.28294799804686,194.8671085357666
2024-09-20,227.1428680419922,232.01021467188832,226.56555305015522,228.90467282845125,318679900,AAPL,221.30072692871093,195.06362449645997
2024-09-23,225.4208984375,228.3870895913876,224.76395218553373,226.28686337720748,54146000,AAPL,221.22501068115236,195.23174812316896
2024-09-24,226.31671142578125,228.28755007923567,224.6843092769655,227.59078065470555,43556100,AAPL,221.09045684814453,195.4098045349121
2024-09-25,225.3213348388672,226.23707111110926,222.9822303399746,223.88800321688734,42308700,AAPL,220.92764373779298,195.57321601867676
2024-09-26,226.4660186767578,227.44147457763864,224.36579263659118,226.24703661091274,36636700,AAPL,220.90583740234376,195.73521133422852
2024-09-27,226.73475646972656,228.45675318264773,226.24703611440785,227.40166606122023,34026000,AAPL,220.98286254882814,195.91109420776368
2024-09-30,231.92063903808594,231.92063903808594,228.58615167195362,228.97434440874213,54541900,AAPL,221.1610202026367,196.10532051086426
2024-10-01,225.16209411621094,228.5861456381701,222.70353511874544,228.45675818805825,63285000,AAPL,221.21096618652345,196.24964057922364
2024-10-02,225.7294464111328,226.31670960653594,221.98686997976517,224.84356992020335,32880600,AAPL,221.25138092041016,196.39605369567872
2024-10-03,224.6245880126953,225.75930638603796,222.28548343692833,224.09704443839323,34044200,AAPL,221.39835021972655,196.5396198272705
2024-10-04,225.7493438720703,226.94378179124593,223.0917145657714,226.84423896960539,37245100,AAPL,221.5886929321289,196.69713912963869
2024-10-07,220.6630401611328,224.64451046166124,220.3047072265611,223.4600206171574,39505400,AAPL,221.6679638671875,196.82402114868165
2024-10-08,224.72413635253906,224.93315503301397,222.2158058701156,223.26094483680066,31855700,AAPL,221.82288909912108,196.9816700744629
2024-10-09,228.47665405273438,228.68568791487783,223.78848153487698,224.18662246797504,33591100,AAPL,222.04172943115233,197.15882537841796
2024-10-10,227.97897338867188,228.43684913724616,226.11764095959848,226.72481576308653,28183500,AAPL,222.18539581298828,197.33884689331055
2024-10-11,226.4958953857422,228.34727968813561,226.28686151162026,228.23778864704394,31759200,AAPL,222.3733703613281,197.51417984008788
2024-10-14,230.22853088378906,230.65653166515418,227.54104137845857,227.64056902644597,39882100,AAPL,222.60617126464842,197.70768028259278
2024-10-15,232.76669311523438,236.38983016358188,231.29353829774286,232.527799450427,64751400,AAPL,223.10031005859375,197.9117394256592
2024-10-16,230.70628356933594,231.0447048824563,228.7752681420796,230.52712470524975,34082200,AAPL,223.5938055419922,198.11070243835448
2024-10-17,231.07456970214844,232.76670668063704,229.4521309302649,232.348638945834,32993800,AAPL,224.0431658935547,198.34566772460937
2024-10-18,233.91136169433594,235.0858880500012,232.92594240501305,235.0858880500012,46431500,AAPL,224.47986541748048,198.60170875549318
2024-10-21,235.38449096679688,235.752787252213,233.36389625282138,233.36389625282138,36254500,AAPL,224.88776641845703,198.8767170715332
2024-10-22,234.76739501953125,235.12572795126604,231.52250221800776,232.80651969699693,38846600,AAPL,225.25266845703126,199.1522593688965
2024-10-23,229.6909942626953,234.05070868615385,226.70489182210235,232.99562158724072,52287000,AAPL,225.4415887451172,199.38070350646973
2024-10-24,229.5019073486328,229.75074924052936,227.35190975750177,228.9146289407981,31109500,AAPL,225.61776916503905,199.610284576416
2024-10-25,230.3380126953125,232.13962556438537,228.5065400142299,228.6757506783198,38802300,AAPL,225.75094940185548,199.83884017944337
2024-10-28,232.31878662109375,233.6426273223557,231.4727332926884,232.23917058038825,36087100,AAPL,225.89726837158204,200.08027458190918
2024-10-29,232.58753967285156,233.24448591818899,231.24380255804743,232.02018805231754,35417200,AAPL,226.05214782714845,200.32141654968262
2024-10-30,229.03408813476562,232.38847204702165,228.48663292359964,231.53245531359053,47070900,AAPL,226.12361572265624,200.55614501953124
2024-10-31,224.8634796142578,228.76531846185907,224.32597264925337,228.27758291037028,64370100,AAPL,226.11386108398438,200.77473068237305
2024-11-01,221.8773651123047,224.30606415529357,219.2495956140762,219.94634980146594,65276700,AAPL,226.08161102294923,200.94888549804688
2024-11-04,220.98153686523438,221.75792231303782,218.69220372782075,219.96627293386246,44944500,AAPL,225.98545837402344,201.10403419494628
2024-11-05,222.41488647460938,222.91257027302564,220.11558975602287,220.77253601507735,28111300,AAPL,225.9112042236328,201.25479743957519
2024-11-06,221.68824768066406,225.02273483375984,220.16533664224426,221.57875664968802,54561100,AAPL,225.80549591064454,201.39553169250487
2024-11-07,226.42620849609375,226.82436463330757,223.52970043689453,223.5894200604507,42137700,AAPL,225.82520416259766,201.56332710266113
2024-11-08,226.15716552734375,227.8511489598711,225.60910803907555,226.366414165256,38328800,AAPL,225.77383728027343,201.7314134979248
2024-11-11,223.4368133544922,224.90161465065876,220.7164746065314,224.20409384410638,42005600,AAPL,225.68379028320314,201.8945746612549
2024-11-12,223.4368133544922,224.79200315214243,222.5698957238352,223.75568869738083,40398300,AAPL,225.71776580810547,202.06115692138673
2024-11-13,224.3236541748047,225.84824072641777,221.97200184604,223.2175800878685,48566200,AAPL,225.8077005004883,202.2504684448242
2024-11-14,227.41270446777344,228.06039910056816,224.20409355692922,224.22402706703753,44923900,AAPL,225.92895782470703,202.47327239990236
2024-11-15,224.2041015625,226.11730807125568,223.47668806811174,225.59914322363005,47923700,AAPL,226.01709869384766,202.66783660888672
2024-11-18,227.21340942382812,228.92732633570628,224.3734848929754,224.45320372664565,44633700,AAPL,226.16363403320312,202.88245498657227
2024-11-19,227.4724884033203,229.34584301691135,225.8582238051146,226.17708394083317,36211800,AAPL,226.33127685546876,203.08929557800292
2024-11-20,228.18994140625,229.11664435033194,225.0909420304879,227.25326410482543,35169600,AAPL,226.4625048828125,203.29169136047364
2024-11-21,227.71165466308594,229.3458528412815,224.91159698015457,228.07038183414417,42108300,AAPL,226.58197723388673,203.4911503601074
2024-11-22,229.05686950683594,229.90386885981255,227.2532745036032,227.2532745036032,38168300,AAPL,226.73372924804687,203.7027396392822
2024-11-25,232.04624938964844,232.42491005721112,228.92733167542056,230.64124862727573,90152800,AAPL,227.0682958984375,203.92545333862304
2024-11-26,234.228515625,234.73672132395913,232.50463944229026,232.50463944229026,45986200,AAPL,227.43715209960936,204.16751777648926
2024-11-27,234.0989532470703,234.85627456038557,232.98291999142185,233.6405889619916,33498400,AAPL,227.72577758789063,204.41940910339355
2024-11-29,236.490478515625,236.96877632211965,233.14236346053607,233.97938842310504,28481400,AAPL,227.89939178466796,204.6876763153076
2024-12-02,238.74246215820312,239.93821419453454,236.32106542499292,236.43067691527065,48137100,AAPL,228.13138366699218,204.96864326477052
2024-12-03,241.79165649414062,241.90126799408412,238.05492154808562,238.96170621081686,38861000,AAPL,228.458798828125,205.27255088806152
2024-12-04,242.150390625,243.2465056559754,240.3966217802532,242.01088645785893,44383900,AAPL,228.77547241210937,205.581975479126
2024-12-05,242.18026733398438,243.6749612569442,241.27349790971317,243.12691898237586,40033900,AAPL,229.1126510620117,205.88777641296386
2024-12-06,241.98097229003906,243.7646488451358,241.2236661935451,242.0507319698173,36870600,AAPL,229.42295013427736,206.18240409851074
2024-12-09,245.8771514892578,246.36542364679892,240.89483838917155,240.97455722335047,44649200,AAPL,229.80579803466796,206.50569664001466
2024-12-10,246.8935546875,247.33200068563022,244.47214254503118,246.0166626912396,36914800,AAPL,230.10525634765625,206.8408226776123
2024-12-11,245.6180877685547,249.91283942191654,245.38889040813984,247.08288910248365,45205800,AAPL,230.51437622070313,207.16227378845215
2024-12-12,247.08287048339844,247.8601100871407,244.81092178998352,246.0166482138882,32777500,AAPL,230.94144470214843,207.49705574035644
2024-12-13,247.2522735595703,248.40815863747187,245.36895982515324,246.9433725816478,33155300,AAPL,231.39399841308594,207.83601066589355
2024-12-16,250.1519775390625,250.490786396497,246.7739697560149,247.1127786134494,51694800,AAPL,231.88205108642578,208.1948754119873
2024-12-17,252.58334350585938,252.93211150871377,248.89643481128522,249.1953766416157,51356400,AAPL,232.5204571533203,208.58853439331054
2024-12-18,247.1725616455078,253.38051965426092,246.86366065893745,251.26802371656945,56774100,AAPL,232.96942565917968,208.97986198425292
2024-12-19,248.90640258789062,251.1085917693189,246.21595643132494,246.6245097734382,60882300,AAPL,233.37802062988283,209.38482307434083
2024-12-20,253.58978271484375,254.09797318748596,244.82090844231297,247.1625865233097,147495300,AAPL,233.89023681640626,209.81379676818847
2024-12-23,254.3670196533203,254.7456651132031,252.55345036958022,253.8687883386418,40858800,AAPL,234.44765930175782,210.23806831359863
2024-12-24,257.28668212890625,257.2966260773909,254.386956808638,254.58626151312842,23234700,AAPL,234.98882232666017,210.6669101715088
2024-12-26,258.1037292480469,259.1799258751944,256.7186620602343,257.27667867815336,27237100,AAPL,235.49556304931642,211.09745452880858
2024-12-27,254.6858673095703,257.78488174803636,252.16481819720389,256.91793375888693,42355300,AAPL,235.9751547241211,211.5213345336914
2024-12-30,251.30787658691406,252.60328106925755,249.86300878941353,251.33776924994547,35557500,AAPL,236.3798208618164,211.9190412902832
2024-12-31,249.5341796875,252.38406352835983,248.54767617168994,251.5470385357527,39480700,AAPL,236.6922772216797,212.30976608276367
2025-01-02,242.98741149902344,248.21884015778812,240.96459363401945,248.04942813526918,55740700,AAPL,236.84433563232423,212.66229621887206
2025-01-03,242.49916076660156,243.31625226562878,241.03435939639962,242.49916076660156,40244100,AAPL,236.99897094726563,213.00066909790038
2025-01-06,244.1333465576172,246.45510633108967,242.33971076643533,243.4457849039297,45045600,AAPL,237.28781799316405,213.33435539245605
2025-01-07,241.3532257080078,244.681407317594,240.496267218822,242.12049100282684,40856000,AAPL,237.52484436035155,213.69038078308105
2025-01-08,241.84149169921875,242.8479287466886,239.2008716539854,241.0642520177986,37628900,AAPL,237.75491394042967,214.0443300628662
2025-01-10,236.01219177246094,239.3104808095479,232.17580437363205,239.16100228470233,61710900,AAPL,237.82878204345704,214.37623184204102
2025-01-13,233.5708465576172,233.8398957390806,228.90740850459227,232.7039288898965,49630700,AAPL,237.84844818115235,214.70158615112305
2025-01-14,232.45480346679688,235.28475371553364,231.6476711610837,233.91960476413306,39435300,AAPL,237.91686248779297,215.00348876953126
2025-01-15,237.028564453125,238.11472029161553,233.60073052224158,233.80999436776753,39832000,AAPL,238.1601641845703,215.33734481811524
2025-01-16,227.4525604248047,237.1680713225123,227.22337827123218,236.51041752509497,71759100,AAPL,238.2716680908203,215.6305191040039
2025-01-17,229.1664581298828,231.46828423922307,227.6717642713697,231.29888742650238,68488300,AAPL,238.43536651611328,215.93817054748536
2025-01-21,221.85243225097656,223.62613445935494,218.6039696546368,223.20762199269615,98070400,AAPL,238.42411743164064,216.20523078918458
2025-01-22,223.03823852539062,223.3272060060417,219.01252087308487,219.01252087308487,64126500,AAPL,238.45111724853516,216.48234024047852
2025-01-23,222.86883544921875,226.22690964639077,221.51364566438272,223.94501691407203,60234800,AAPL,238.37996978759764,216.7548299407959
2025-01-24,221.991943359375,224.831867935065,220.6267944226493,223.9848686181573,54697900,AAPL,238.29666534423828,217.028544921875
2025-01-27,229.04690551757812,231.32879829775732,223.18770026542342,223.2275672861503,94863400,AAPL,238.4088671875,217.33147811889648
2025-01-28,237.4171905517578,239.3403714135585,229.99354669273774,230.03341371427896,75707600,AAPL,238.68847473144533,217.6856455230713
2025-01-29,238.5133056640625,239.01153699982427,233.1822242894862,233.2918357915463,45486100,AAPL,238.97226776123046,218.009252243042
2025-01-30,236.7495574951172,239.93823493591583,236.37091202718113,237.82573898228924,55658300,AAPL,239.15900482177733,218.3165439605713
2025-01-31,235.16519165039062,246.31561143302469,232.61424963135997,246.31561143302469,100959800,AAPL,239.37822662353517,218.6350762939453
2025-02-03,227.2034454345703,231.00994009075862,224.90161912474946,229.1764524471141,73063300,AAPL,239.37802734375,218.93023185729982
2025-02-04,231.97650146484375,232.3053359547129,225.84824721606736,226.44613087124998,45067300,AAPL,239.46810760498047,219.2561033630371
2025-02-05,231.64767456054688,231.84696405052938,227.46253445166022,227.72160926815613,39620300,AAPL,239.5372622680664,219.58509674072266
2025-02-06,232.39501953125,232.9729696905443,229.61488023403817,230.47183871784506,29925300,AAPL,239.63092956542968,219.92795394897462
2025-02-07,226.82479858398438,233.17226081850333,226.45609706307513,231.77721918612997,39707200,AAPL,239.58628814697266,220.2387900543213
2025-02-10,227.0941162109375,230.02693972945139,226.64521806905947,229.0094413336025,33115600,AAPL,239.48724548339842,220.54571060180663
2025-02-11,232.052001953125,234.6556296697615,227.57297502290857,227.64279618723114,53718400,AAPL,239.44371520996094,220.86689613342284
2025-02-12,236.29161071777344,236.38140252594314,230.11672290007743,230.63545743654387,45243300,AAPL,239.487568359375,221.20496070861816
2025-02-13,240.94024658203125,241.74826634141837,234.99480784534867,236.33153226758247,53614100,AAPL,239.57656372070312,221.56919746398927
2025-02-14,244.00274658203125,244.9504238462646,240.40156080072015,240.66092045804314,40896200,AAPL,239.68176940917968,221.9278963470459
2025-02-18,243.87306213378906,244.58131995427482,241.2494791133952,243.55383619329416,48822500,AAPL,239.72339752197266,222.30168388366698
2025-02-19,244.27207946777344,245.40929524371262,242.56626341463,244.06260076305156,32204200,AAPL,239.76583129882812,222.6825798034668
2025-02-20,245.229736328125,246.1774135823035,243.69348816231408,244.34191013103748,32316900,AAPL,239.82682067871093,223.0497469329834
2025-02-21,244.95042419433594,248.08275639920348,244.6212281548445,245.34944139409683,53197400,AAPL,239.88620971679688,223.364136428833
2025-02-24,246.49664306640625,248.25234005966587,243.82317911276243,244.3319283268952,51326400,AAPL,239.89859954833983,223.69454757690428
2025-02-25,246.43678283691406,249.38956194785018,244.3119941197594,247.3944454522674,48013300,AAPL,239.88946411132812,224.02123405456544
2025-02-26,239.77308654785156,244.3818005030484,238.5460942392985,243.7333937698084,44433600,AAPL,239.77256408691406,224.3129140472412
2025-02-27,236.72056579589844,241.86796980219768,236.48114634623442,238.82541422357912,41153600,AAPL,239.56531799316406,224.5802466583252
2025-02-28,241.24948120117188,241.49887076126774,229.63790389196947,236.37142201455794,56833400,AAPL,239.44526214599608,224.8765372467041
2025-03-03,237.4487762451172,243.43412542285543,235.53346633482454,241.19958958341564,47184000,AAPL,239.19119812011718,225.13776763916016
2025-03-04,235.35391235351562,239.4838181516717,234.10696453181083,237.1295800554318,53798100,AAPL,238.84660949707032,225.382806930542
2025-03-05,235.1643829345703,235.97240266650644,228.67026910680244,234.84515699420854,47227600,AAPL,238.60644592285155,225.61551475524902
2025-03-06,234.75538635253906,237.27920752401755,232.59068676229822,233.86756011302523,45170400,AAPL,238.32342559814452,225.8455812072754
2025-03-07,238.4862518310547,240.78062356819368,234.1867631010968,234.53591456798168,46273600,AAPL,238.02135498046874,226.0941527557373
2025-03-10,226.92454528808594,235.583358769024,223.6725108894593,234.96486230654432,72071200,AAPL,237.47250549316405,226.2790997314453
2025-03-11,220.30076599121094,225.2885573705892,216.91904404485373,223.26351528828414,76137400,AAPL,236.73278717041015,226.4244155883789
2025-03-12,216.45018005371094,221.20853706339403,214.38524243690583,219.60246770742089,62547500,AAPL,235.89971618652345,226.55768669128418
2025-03-13,209.1680145263672,216.31053552178076,207.9110965632093,215.4227092543014,61368300,AAPL,234.98935913085938,226.67453063964842
2025-03-14,212.96871948242188,213.42758776028128,209.06826301296118,210.7341834889886,60107600,AAPL,234.22257598876953,226.79496780395507
2025-03-17,213.4774627685547,214.69448503570536,209.4573042902151,212.78914514941675,48073400,AAPL,233.50144165039063,226.91789894104005
2025-03-18,212.170654296875,214.62463892519543,210.97358751075308,213.63706605687162,42432400,AAPL,232.88510650634765,227.03280464172363
2025-03-19,214.7144317626953,218.22582565599035,213.22806456968678,213.6969181399133,54385400,AAPL,232.32941192626953,227.15545822143554
2025-03-20,213.5772247314453,216.9589465476154,211.70181037410745,213.46749271646212,48862900,AAPL,231.7182894897461,227.26765357971192
2025-03-21,217.73703002929688,218.30563028145062,210.764092813104,211.04340788811464,94127800,AAPL,231.24596557617187,227.3917993927002
2025-03-24,220.19102478027344,220.93919345594836,218.04628066528426,220.460369765545,44299500,AAPL,230.81295623779297,227.5266242980957
2025-03-25,223.2036590576172,223.55281053469957,219.54262209652958,220.23093972638688,34493600,AAPL,230.5567855834961,227.66895652770995
2025-03-26,220.9890594482422,224.47054292972726,219.93165022699972,222.96422035625233,34466100,AAPL,230.3051498413086,227.8071255493164
2025-03-27,223.30340576171875,224.4406214835582,220.0214308095873,220.84940592957574,37094800,AAPL,230.12212188720704,227.9448858642578
2025-03-28,217.36793518066406,223.26350805320467,217.1484711493609,221.12873402087155,39818600,AAPL,229.72890930175782,228.07170989990234
2025-03-31,221.58761596679688,225.06908447075043,215.7020132379398,216.48010744476517,65299300,AAPL,229.61161041259766,228.14988807678222
2025-04-01,222.64501953125,223.13381331282267,218.36548628233527,219.27326790744206,36412700,AAPL,229.481181640625,228.20392433166504
2025-04-02,223.3433074951172,224.6401362151353,220.4803202973195,220.77959080525144,35905900,AAPL,229.5109991455078,228.2556359100342
2025-04-03,202.69386291503906,206.9833664271943,200.75859747782033,205.03811566571247,103419000,AAPL,229.1041116333008,228.21279968261717
2025-04-04,187.92002868652344,199.39194860307396,186.88255957870848,193.4165691841804,125910900,AAPL,228.4051354980469,228.07531509399413
2025-04-07,181.0169219970703,193.6759230716255,174.19361217758157,176.76731422169505,160466300,AAPL,227.58563507080078,227.91514625549317
2025-04-08,171.99899291992188,189.87523506652792,168.79683943762106,186.244123618335,120859500,AAPL,226.44467681884765,227.7328044128418
2025-04-09,198.3644561767578,200.1201531468693,171.47028013366514,171.53013119082922,184395900,AAPL,225.66362213134767,227.69317642211914
2025-04-10,189.95504760742188,194.30440235729913,182.55316692796467,188.6083530498886,121880000,AAPL,224.69245697021483,227.60827033996583
2025-04-11,197.66615295410156,199.05275825525484,185.60567786476867,185.64558871717136,87435900,AAPL,223.91078887939454,227.5572966003418
2025-04-14,202.02549743652344,212.42005238891582,200.66881763194172,210.9237150406947,101352900,AAPL,223.24799499511718,227.5073405456543
2025-04-15,201.64642333984375,203.01307326666696,199.31214069618733,201.36710824854455,51343900,AAPL,222.73685455322266,227.45126365661622
2025-04-16,193.79563903808594,200.2099310657198,191.9002692932641,197.8756484915953,59732400,AAPL,221.9732373046875,227.37323226928712
2025-04-17,196.4990234375,198.34451232255947,193.9452767059697,196.71848747425943,52164700,AAPL,221.27026428222655,227.27824501037597
2025-04-21,192.68833923339844,193.32677585155812,189.3465132845993,192.79807124065385,46742500,AAPL,220.47613067626952,227.14670616149903
2025-04-22,199.25228881835938,201.097762433896,195.49148998245192,195.64111763020085,52976400,AAPL,219.92468048095702,227.0416239929199
2025-04-23,204.10043334960938,207.4921254657249,202.30482537338813,205.49700887470834,52929200,AAPL,219.46480682373047,226.9369711303711
2025-04-24,207.8612060546875,208.32008954356945,202.44447210591895,204.38970763388747,47311000,AAPL,218.98099090576173,226.84376487731933
2025-04-25,208.76898193359375,209.2378355121778,205.69650080604464,205.86608387594285,38222300,AAPL,218.43053833007812,226.7508222961426
2025-04-28,209.62689208984375,210.98357193193158,206.95344326011445,209.48723454234343,38743100,AAPL,217.80427124023439,226.64079368591308
2025-04-29,210.69427490234375,211.72175863443914,207.86119803545407,208.18042396697467,36827600,AAPL,217.13810180664063,226.56299545288087
2025-04-30,211.9811248779297,213.0584895980106,206.16535854293033,208.78894157113288,52286500,AAPL,216.50026306152344,226.47686752319336
2025-05-01,212.79913330078125,214.0360957896086,208.3899124386699,208.56948083895412,57365700,AAPL,215.8708041381836,226.3756411743164
2025-05-02,204.8485870361328,206.48458191182934,201.66637387157866,205.58677037884885,101010600,AAPL,215.06318115234376,226.23257415771485
2025-05-05,198.40435791015625,203.60164304236298,197.72602561272546,202.6040848015313,69018500,AAPL,214.13225982666015,226.08681427001954
2025-05-06,198.0252685546875,200.16004244803628,196.53891661034845,197.72601327833053,51216500,AAPL,213.1628323364258,225.96252311706542
2025-05-07,195.7707977294922,198.95301083885846,192.77812311451905,198.6836658614824,68536700,AAPL,212.14951263427736,225.8263133239746
2025-05-08,197.00778198242188,199.56152863729463,194.20463054641704,197.2372161152265,50478900,AAPL,211.29420654296874,225.69802825927735
2025-05-09,198.0452423095703,200.0503289543839,197.05765414160055,198.51409591462888,36453900,AAPL,210.52070007324218,225.5697109222412
2025-05-12,210.55104064941406,211.03050749278242,206.5156271207593,210.7308445260501,63775800,AAPL,209.90673126220702,225.5360855102539
2025-05-13,212.68861389160156,213.1580823159532,208.76307628033234,210.19144790738707,51909300,AAPL,209.41152801513672,225.51836753845214
2025-05-14,212.08929443359375,213.69746987061376,210.34127831689767,212.18917192393894,49325800,AAPL,208.94623565673828,225.4953165435791
2025-05-15,211.21029663085938,212.71859464512332,209.30245815432872,210.71086343228015,45029500,AAPL,208.46715393066407,225.4664786529541
2025-05-16,211.0205078125,212.32903558469047,209.53220664773164,212.11926693678467,54737900,AAPL,207.99245635986327,225.43390800476075
2025-05-19,208.54331970214844,209.24252311349682,204.02843943795537,207.67431083672193,46140500,AAPL,207.39359771728516,225.3726463317871
2025-05-20,206.62550354003906,208.2336790492342,204.79757620413463,207.4345828831543,42496600,AAPL,206.98761688232423,225.32028800964355
2025-05-21,201.86090087890625,206.80528635778637,200.4824756537251,204.93741112479617,59211800,AAPL,206.61881958007814,225.2366500854492
2025-05-22,201.13172912597656,202.52015274475195,199.4736073247078,200.48247209416806,46742400,AAPL,206.31245056152343,225.20200996398927
2025-05-23,195.04864501953125,197.4758830409797,193.24069928507132,193.45045269257122,78432900,AAPL,206.03006317138673,225.14709564208985
2025-05-27,199.98304748535156,200.51244545494848,197.20618488735448,198.07520901450675,56288500,AAPL,205.77034973144532,225.1039781188965
2025-05-28,200.1927947998047,202.50017366149785,199.67338002302156,200.36260025266836,45339700,AAPL,205.50465637207031,225.04456016540527
2025-05-29,199.72332763671875,203.57895243464628,198.28495762525483,203.3492174371598,51396800,AAPL,205.25570983886718,224.96822959899902
2025-05-30,200.622314453125,201.73105672211125,196.55692105301176,199.14398126681596,70819900,AAPL,204.9738674926758,224.88872970581053
2025-06-02,201.47134399414062,201.9008644592711,199.89313329888972,200.05295557621693,35423300,AAPL,204.7317498779297,224.79486152648926
2025-06-03,203.03956604003906,203.5389992121068,200.7321872237246,201.1217444882778,46381600,AAPL,204.43780059814452,224.70659492492675
2025-06-04,202.590087890625,206.00620910456834,201.8709028727957,202.67998220748078,43604000,AAPL,204.08578186035157,224.60115036010743
2025-06-05,200.40257263183594,204.5178973620389,199.92310578136215,203.26931435006063,55126100,AAPL,203.62976013183595,224.47814903259277
2025-06-06,203.68882751464844,205.4668084267123,201.82095228760733,202.76987228695742,46607700,AAPL,203.28375549316405,224.37237533569336
2025-06-09,201.2216339111328,205.76647909477697,199.79326227022588,204.15830357568726,72862600,AAPL,202.84212005615234,224.25118003845216
2025-06-10,202.44024658203125,204.11835001917973,200.34263633745982,200.3726011094186,54672600,AAPL,202.5435662841797,224.13662521362303
2025-06-11,198.55465698242188,204.26817387189894,198.18508130061548,203.26930749599725,60989900,AAPL,202.0829071044922,224.01194915771484
2025-06-12,198.97418212890625,199.45363372918547,197.13627162659284,198.85432303920933,43904600,AAPL,201.60949035644532,223.87787422180176
2025-06-13,196.227294921875,200.1428492549886,195.47814514596445,199.50357538920457,51447300,AAPL,201.06717010498048,223.72837272644043
2025-06-16,198.195068359375,198.46476655376847,196.33717625414866,197.07634287373045,43020700,AAPL,200.9771942138672,223.5844797515869
2025-06-17,195.418212890625,198.16509536417735,194.98870767431248,196.97644196425614,38856200,AAPL,201.12715789794922,223.43436683654784
2025-06-18,196.35714721679688,197.3460303816964,194.84886452825484,195.71787336797544,45394700,AAPL,201.43396240234375,223.27252502441405
2025-06-20,200.7721405029297,201.47134391409438,196.6368343380514,198.01527480684123,96813500,AAPL,202.0094253540039,223.13668991088866
2025-06-23,201.27157592773438,202.07067208145295,198.73446202428119,201.40143343464243,55814300,AAPL,202.06756774902342,223.03435760498047
2025-06-24,200.07293701171875,203.2093768046809,199.9730442780961,202.36033429336192,54064000,AAPL,202.26992553710937,222.93558769226075
2025-06-25,201.33151245117188,203.43912119943792,200.39257558111612,201.2216365357081,39525700,AAPL,202.34323272705078,222.83549606323243
2025-06-26,200.7721405029297,202.41028074115465,199.23389299836737,201.20164572639828,50799100,AAPL,202.31816558837892,222.74037147521972
2025-06-27,200.85205078125,202.98962419564972,199.77327327657756,201.66113009938155,73188600,AAPL,202.30227813720703,222.6451985168457
2025-06-30,204.93740844726562,207.15489297707504,199.0341046248948,201.78098710410558,91912800,AAPL,202.52511352539062,222.57443382263185
2025-07-01,207.58441162109375,209.95171998702364,205.90630823197938,206.4357061767528,78788900,AAPL,202.7468212890625,222.504213180542
2025-07-02,212.1991729736328,213.09814660534315,207.9040445567577,208.6731759252599,67941800,AAPL,203.1370379638672,222.45651885986328
2025-07-03,213.30792236328125,214.40666625629999,211.56988934364432,211.90950026104147,34955800,AAPL,203.41815063476562,222.41571212768554
2025-07-07,209.7119903564453,215.9848699115094,208.56330013289198,212.43889126622693,50229000,AAPL,203.53038177490234,222.3876824951172
2025-07-08,209.7719268798828,211.1903153368944,208.213697736729,209.86183643928914,42848900,AAPL,203.56859619140624,222.35761360168456
2025-07-09,210.90065002441406,211.09043707809712,206.98509558510867,209.2924745188519,48749400,AAPL,203.61122955322264,222.3137784576416
2025-07-10,212.16920471191406,213.23798377907798,209.7918979255535,210.27134950514616,44443600,AAPL,203.66207580566407,222.2355756378174
2025-07-11,210.92062377929688,211.88952536572023,209.6220944658076,210.33129628612954,39765800,AAPL,203.66660278320313,222.1544644165039
2025-07-14,208.3834991455078,210.67091168904602,207.3047216270235,209.69201166358403,38840100,AAPL,203.5946502685547,222.06927742004393
2025-07-15,208.87295532226562,211.64980271899068,208.6831682659836,208.9828312368767,42296300,AAPL,203.5161267089844,221.98205863952637
2025-07-16,209.92176818847656,212.1592191902425,208.40348697906978,210.06160887608695,47490500,AAPL,203.61759033203126,221.9050608062744
2025-07-17,209.78192138671875,211.5599023237274,209.35240091776063,210.33130094399476,48068100,AAPL,203.8451416015625,221.8216403198242
2025-07-18,210.9405975341797,211.54990664350106,209.46227954032304,210.63095139102305,48974600,AAPL,204.10344818115234,221.74266952514648
2025-07-21,212.23912048339844,215.53538252867688,211.39009321998003,211.8595616297783,51377400,AAPL,204.43281463623046,221.64426193237304
2025-07-22,214.15695190429688,214.7063314773177,211.9894136266437,212.89838571641525,46404100,AAPL,204.77579803466796,221.58923622131348
2025-07-23,213.9072265625,214.90609293027538,212.1692088371252,214.75626907170553,46989300,AAPL,205.09303771972657,221.5301251220703
2025-07-24,213.51766967773438,215.44548969662856,213.28793468034502,213.65751035981805,46022600,AAPL,205.15237030029297,221.47459053039552
2025-07-25,213.63754272460938,214.9960015887686,213.15807589620647,214.45660521718813,40268800,AAPL,205.17134887695312,221.4140315246582
2025-07-28,213.80735778808594,214.60645396318566,212.81847455673218,213.78737619229818,37858000,AAPL,205.20571014404297,221.37975311279297
2025-07-29,211.03050231933594,214.5664825639156,210.58101550100253,213.93719187335407,51411700,AAPL,205.2021142578125,221.31128494262694
2025-07-30,208.81301879882812,212.14922883427738,207.48452469073794,211.65977882345743,45512500,AAPL,205.15796447753905,221.21296676635743
2025-07-31,207.33470153808594,209.60211724381097,206.92516266487007,208.25365677749065,80698400,AAPL,205.1337921142578,221.1097454071045
2025-08-01,202.1505889892578,213.33788973606855,201.27158167093614,210.63095505795985,104434500,AAPL,205.04429382324219,220.98801887512207
2025-08-04,203.11949157714844,207.64435521756303,201.4513712516652,204.27816503495924,75109300,AAPL,205.06946563720703,220.85247367858886
2025-08-05,202.68995666503906,205.1072113881769,201.93082373064988,203.1694082424696,44155100,AAPL,205.1006301879883,220.7020899963379
2025-08-06,213.0082550048828,215.1358452662651,205.35693489516686,205.39689808550258,108483100,AAPL,205.4598223876953,220.61359985351564
2025-08-07,219.7805633544922,220.59964108330854,216.33447747046458,218.63187314031333,90224800,AAPL,205.85577270507812,220.55712982177735
2025-08-08,229.0900115966797,230.73813503605493,219.00145500716468,220.57966572513484,113854000,AAPL,206.43371704101563,220.53302307128905
2025-08-11,227.17999267578125,229.55999755859375,224.75999450683594,227.9199981689453,61806100,AAPL,206.98285034179688,220.49200057983398
2025-08-12,229.64999389648438,230.8000030517578,227.07000732421875,228.00999450683594,55626200,AAPL,207.56340393066407,220.46641357421876
2025-08-13,233.3300018310547,235.0,230.42999267578125,231.07000732421875,69878500,AAPL,208.20057708740234,220.48460861206055
2025-08-14,232.77999877929688,235.1199951171875,230.85000610351562,234.05999755859375,51916300,AAPL,208.7953857421875,220.50099906921386
2025-08-15,231.58999633789062,234.27999877929688,229.33999633789062,234.0,56038700,AAPL,209.37538391113281,220.50725898742675
2025-08-18,230.88999938964844,233.1199951171875,230.11000061035156,231.6999969482422,37476200,AAPL,209.98513244628907,220.50011505126952
2025-08-19,230.55999755859375,232.8699951171875,229.35000610351562,231.27999877929688,39402600,AAPL,210.52255584716798,220.48997734069823
2025-08-20,226.00999450683594,230.47000122070312,225.77000427246094,229.97999572753906,42263900,AAPL,211.01832305908204,220.4748568725586
2025-08-21,224.89999389648438,226.52000427246094,223.77999877929688,226.27000427246094,30621200,AAPL,211.4675180053711,220.47503944396973
2025-08-22,227.75999450683594,229.08999633789062,225.41000366210938,226.1699981689453,42477800,AAPL,212.05162475585936,220.50445259094238
2025-08-25,227.16000366210938,229.3000030517578,226.22999572753906,226.47999572753906,30983100,AAPL,212.61534118652344,220.53534492492676
2025-08-26,229.30999755859375,229.49000549316406,224.69000244140625,226.8699951171875,54575100,AAPL,213.27699523925781,220.5698204803467
2025-08-27,230.49000549316406,230.89999389648438,228.25999450683594,228.61000061035156,31259500,AAPL,213.92289398193358,220.61382926940917
2025-08-28,232.55999755859375,233.41000366210938,229.33999633789062,230.82000732421875,38074700,AAPL,214.66572967529297,220.6444982147217
2025-08-29,232.13999938964844,233.3800048828125,231.3699951171875,232.50999450683594,39418400,AAPL,215.38138671875,220.6744123840332
2025-09-02,229.72000122070312,230.85000610351562,226.97000122070312,229.25,44075600,AAPL,215.96034393310546,220.70582832336424
2025-09-03,238.47000122070312,238.85000610351562,234.36000061035156,237.2100067138672,66427800,AAPL,216.70431243896485,220.78099426269532
2025-09-04,239.77999877929688,239.89999389648438,236.74000549316406,238.4499969482422,47549400,AAPL,217.4984536743164,220.85827598571777
2025-09-05,239.69000244140625,241.32000732421875,238.49000549316406,240.0,54870400,AAPL,218.2656234741211,220.91966247558594
2025-09-08,237.8800048828125,240.14999389648438,236.33999633789062,239.3000030517578,48999500,AAPL,219.00778076171875,220.9880419921875
2025-09-09,234.35000610351562,238.77999877929688,233.36000061035156,237.0,66313900,AAPL,219.67773986816405,221.02372497558594
2025-09-10,226.7899932861328,232.4199981689453,225.9499969482422,232.19000244140625,83440800,AAPL,220.1147915649414,221.0203125
2025-09-11,230.02999877929688,230.4499969482422,226.64999389648438,226.8800048828125,50208600,AAPL,220.56370330810546,221.02951278686524
2025-09-12,234.07000732421875,234.50999450683594,229.02000427246094,229.22000122070312,55824200,AAPL,221.0011199951172,221.0613045501709
2025-09-15,236.6999969482422,238.19000244140625,235.02999877929688,237.0,42699500,AAPL,221.4689614868164,221.09952018737792
2025-09-16,238.14999389648438,241.22000122070312,236.32000732421875,237.17999267578125,63421100,AAPL,222.03772155761717,221.13003890991212
2025-09-17,238.99000549316406,240.10000610351562,237.72999572753906,238.97000122070312,46508000,AAPL,222.6220831298828,221.15384635925292
2025-09-18,237.8800048828125,241.1999969482422,236.64999389648438,239.97000122070312,44249600,AAPL,223.1616702270508,221.17275161743163
2025-09-19,245.5,246.3000030517578,240.2100067138672,241.22999572753906,163741300,AAPL,223.8282861328125,221.2177992248535
2025-09-22,256.0799865722656,256.6400146484375,248.1199951171875,248.3000030517578,105517400,AAPL,224.73147338867187,221.30448684692382
2025-09-23,254.42999267578125,257.3399963378906,253.5800018310547,255.8800048828125,60275200,AAPL,225.65240325927735,221.36767852783203
2025-09-24,252.30999755859375,255.74000549316406,251.0399932861328,255.22000122070312,42303700,AAPL,226.5211441040039,221.4184765625
2025-09-25,256.8699951171875,257.1700134277344,251.7100067138672,253.2100067138672,55202100,AAPL,227.46010864257812,221.49192520141602
2025-09-26,255.4600067138672,257.6000061035156,253.77999877929688,254.10000610351562,46076300,AAPL,228.37367034912108,221.55932037353514
2025-09-29,254.42999267578125,255.0,253.00999450683594,254.55999755859375,40127700,AAPL,229.24345825195311,221.60208457946777
2025-09-30,254.6300048828125,255.9199981689453,253.11000061035156,254.86000061035156,37704300,AAPL,230.0912759399414,221.64076683044433
2025-10-01,255.4499969482422,258.7900085449219,254.92999267578125,255.0399932861328,48713900,AAPL,230.91713684082032,221.68992637634278
2025-10-02,257.1300048828125,258.17999267578125,254.14999389648438,256.5799865722656,42630200,AAPL,231.78159240722655,221.74016204833984
2025-10-03,258.0199890136719,259.239990234375,253.9499969482422,254.6699981689453,49107000,AAPL,232.6716387939453,221.79400062561035
